bathrooms,province,size,hasPlan,topNewDevelopment,suggestedTexts,hasVideo,rooms,has360,exterior,hasStaging,numPhotos,externalReference,country,hasLift,price,propertyCode,latitude,showAddress,parkingSpace,operation,labels,description,newDevelopment,detailedType,status,priceByArea,url,newDevelopmentFinished,thumbnail,address,has3DTour,longitude,district,municipality,floor,propertyType,neighborhood,topPlus,highlight
4,Madrid,203.0,True,False,"{'subtitle': 'Poza del Agua, Leganés', 'title': 'Terraced house in Calle de Casiopea'}",True,4,False,nan,False,44,EC191997,es,nan,579000.0,103242504,40.3400938,False,"{'hasParkingSpace': True, 'isParkingSpaceIncludedInPrice': True}",sale,nan,"Gilmar Madrid Río sells incredible and exclusive luxury Townhouse, in one of the best and newest areas of Leganés. This unique and exclusive property is located in a newly created area with all the amenities. With a modern 4-story construction, it has a constructed area of 203m² of housing and 141m² divided into the front patio, which has space to park a vehicle and the large backyard, suitable for enjoying the outdoors and incredible events. with family and friends. On the main floor, you will find a large hall, a full bathroom, a kitchen with an office connected to a large living room connected to a large patio and the access staircase that will take you to the upper floor and the basement. On the first floor we will find 3 bedrooms, which are equipped with built-in wardrobes, a full guest bathroom, the master bedroom has its own en-suite bathroom and a dressing room. On the roof we have a large solarium, with incredible views where you can sunbathe, hold events or simply enjoy a beautiful sunset. The basement has a laundry area, boiler room, a large bedroom with a dressing room (which can be used as a games room and storage room, respectively) and a toilet. The property also has a front patio with space to park your car on the surface. Extras to highlight: Underfloor heating, solar panels, geothermal energy, home automation controlled by touch buttons or via App, air conditioning, high-end appliances. This incredible chalet is located in an area with all the necessary services and good communications, with quick access to the M-40 and M-45 highway. Do not miss the opportunity to acquire this incredible and impressive home of 203m² built, with 4 bedrooms, 3 bathrooms, 1 toilet, two patios, solarium, built-in wardrobes in all bedrooms and a surface parking space. Contact us for more information! At Gilmar we have been working to offer our clients the best properties for 40 years. We cover all real estate needs: homes, offices, commercial premises, plots of land, rural properties, land to build, etc. We have more than 30 specialized teams in different areas serving more than 200,000 national and international clients, who have the necessary advice to guarantee their security, legal effectiveness and the best financial-fiscal profitability. Visit our website and you will find 4,000 more opportunities.",False,"{'typology': 'chalet', 'subTypology': 'terracedHouse'}",good,2852.0,https://www.idealista.com/inmueble/103242504/,nan,https://img3.idealista.com/blur/WEB_LISTING/0/id.pro.es.image.master/68/a6/fb/1183821708.jpg,Calle de Casiopea,True,-3.7808066,San Nicasio - Campo de Tiro - Solagua,Leganés,nan,chalet,Poza del Agua,False,nan
1,Madrid,64.0,True,False,"{'subtitle': 'La Fortuna, Leganés', 'title': 'Flat in Avenida libertad'}",True,2,False,False,False,31,SA 188753,es,False,210000.0,102906746,40.3556316,False,nan,sale,nan,"Gilmar Madrid Río sells a two-bedroom home in Leganés. The property has 2 large bedrooms with built-in wardrobes, one of them with an electric radiator; American kitchen with marble countertop, a bathroom with a shower, a large living room with a hot/cold air conditioning unit and a patio of more than 20 m2. All rooms have windows, which gives the house good ventilation and lighting. It has an excellent location since it is located in the middle of the M-40 with immediate access to the M-45, the A-42 and the A-5, any of them less than 3 km away from the apartment. According to the GPS, from the home, the distance and time to some points in Madrid is as follows: - Madrid-Barajas Airport (executive terminal): 24 km / 16 minutes - Madrid-Puerta de Atocha train station: 12 km / 12 minutes - Madrid-Chamartín train station: 25 km / 21 minutes - Plaza de España: 15 km / 15 minutes - IFEMA: 26 km / 17 minutes - Royal Palace: 15 km / 14 minutes - Amusement Park: 12 km / 14 minutes The La Fortuna metro is 180 meters away and work to expand Line 11 is already planned, as can be seen in one of the photographs published in the announcement. This metro line will become Madrid's great Diagonal Line and will link La Fortuna with the Madrid-Puerta de Atocha train station and the Madrid-Barajas airport. Next to the house is the Serafín Díez Antón Park, of 40,000 m2, with children's play areas, sports areas, paths and walking routes, and a lagoon with animals from which we can enjoy beautiful sunsets. The lagoon is 680 meters from the house. At Gilmar we have been working to offer our clients the best properties for 40 years. We cover all real estate needs: homes, offices, commercial premises, plots, rustic land, land to build... We have more than 35 specialized teams in different areas serving more than 200,000 national and international clients, who have the necessary advice to guarantee their security, legal effectiveness and the best financial-fiscal profitability. Visit our website and you will find 4,000 more opportunities.",False,{'typology': 'flat'},good,3281.0,https://www.idealista.com/inmueble/102906746/,nan,https://img3.idealista.com/blur/WEB_LISTING/0/id.pro.es.image.master/8c/28/f0/1173669259.jpg,Avenida libertad,True,-3.7774129,La Fortuna,Leganés,bj,flat,La Fortuna,False,nan
2,Madrid,129.0,True,False,"{'subtitle': 'Batallas, Leganés', 'title': 'Flat in Perú'}",True,3,False,True,False,30,SA 191229,es,True,310000.0,102974143,40.3302053,False,"{'hasParkingSpace': True, 'isParkingSpaceIncludedInPrice': True}",sale,nan,"Magnificent location. Apartment in private urbanization. Distributed in an entrance hall, three large bedrooms and two full bathrooms, one bedroom en suite. Living room with a small terrace and views of the common areas that provide light and absolute tranquility, independent kitchen. Armored door, stoneware floors, built-in wardrobes and dressing rooms. Independent natural gas heating, community fees €120. Storage room The urbanization has two swimming pools, adults and children, a basketball court and grass fields. A garage space with independent deed is included in the price. We have public transport, with the SAN NICASIO metro station (line 12) a 12-minute walk away, and several bus lines N802). It is easily accessible by road and main roads such as M-40, A-5, R-5, M-45, A-42.",False,{'typology': 'flat'},good,2403.0,https://www.idealista.com/inmueble/102974143/,nan,https://img3.idealista.com/blur/WEB_LISTING/0/id.pro.es.image.master/76/c1/54/1177645110.jpg,Perú,True,-3.7700844,Centro,Leganés,2,flat,Batallas,False,nan
1,Madrid,53.0,True,False,"{'subtitle': 'La Fortuna, Leganés', 'title': 'Flat'}",False,2,False,True,False,28,JE193454,es,False,125000.0,103683216,40.3586991,False,nan,sale,nan,"In the exclusive neighborhood of Leganés, in Madrid, you will find this charming ground floor apartment, ideal for those looking for a comfortable and well-located home. With a construction dating back to 1964, this property is in good condition, ready to be inhabited. Upon entering the property, we find a bright 14 square meter living room, perfect for enjoying moments of relaxation and entertainment. In addition, it has two main bedrooms, which offers the possibility of accommodating a family or receiving guests. The apartment also has a main bathroom, equipped with all the necessary amenities. One of the outstanding features of this home is the presence of F/C air conditioning, which guarantees a pleasant temperature throughout the year. In addition, it has an armored door, providing security and tranquility to its inhabitants. The apartment also has a small patio, ideal for getting fresh air. The building does not have an elevator, but this does not represent an obstacle since there is not a single staircase to access the house. Regarding public transport, the metro lines closest to the location of the property are line 11 and line 12. In addition, the closest commuter lines are the C-5 and the C-10. As for buses, the nearest stop is just a few meters away. Leganés is a quiet and well-connected residential neighborhood, which has a wide variety of services and amenities. In addition, it is located near the center of Madrid, which allows you to enjoy all the advantages of living in the city without giving up the tranquility of a residential environment. If you are interested in obtaining more information about this incredible apartment, do not hesitate to contact us and provide us with reference 193454. At GILMAR we have been helping our clients find the home of their dreams since 1983, providing a personalized and quality service. Our team will be happy to assist you and answer all your questions. You can find us at our office located at Paseo de Extremadura 1, or contact us by phone or email. We will wait for you!",False,{'typology': 'flat'},good,2358.0,https://www.idealista.com/inmueble/103683216/,nan,https://img3.idealista.com/blur/WEB_LISTING/0/id.pro.es.image.master/50/7b/74/1199163825.jpg,subdistrict La Fortuna,True,-3.7829907,La Fortuna,Leganés,bj,flat,La Fortuna,False,nan
2,Madrid,161.0,True,False,"{'subtitle': 'Casco Antiguo, Leganés', 'title': 'Flat in Plaza del Salvador'}",True,4,True,True,False,18,LHV3019,es,True,365000.0,102879691,40.3266745,False,"{'hasParkingSpace': True, 'isParkingSpaceIncludedInPrice': True}",sale,nan,"Large home located in the Old Town, in the heart of Leganés. It consists of 4 bedrooms and 2 large full bathrooms, one of them completely renovated, a large living room with access to a terrace, a separate furnished and equipped kitchen with access to a clothesline with an aluminum enclosure. The master bedroom is en suite and three secondary bedrooms, two of them large. The house has good finishes, herringbone parquet flooring, smooth paint, double glazed windows and large built-in wardrobes. Individual heating by natural gas and air conditioning. Building with elevator. 1 large garage space and storage room included in the price. Apartment community fees €124/month and garage fees €90.25/three times a year. IBI: €600/year approx. The house is surrounded by all types of local services and businesses, restaurants, supermarkets, gyms, clinics, schools, etc. Well connected to Cercanías Renfe and Leganés Central Metro, a 9-minute walk away, and bus stops 484, 491,492 and 493, 2 minutes away.",False,{'typology': 'flat'},good,2267.0,https://www.idealista.com/inmueble/102879691/,nan,https://img3.idealista.com/blur/WEB_LISTING/0/id.pro.es.image.master/69/ea/56/1170442282.jpg,Plaza del Salvador,False,-3.7645976,Centro,Leganés,4,flat,Casco Antiguo,False,nan
1,Madrid,78.0,True,False,"{'subtitle': 'San Nicasio, Leganés', 'title': 'Flat in Rio Duero'}",False,4,False,True,False,22,SAN NICASIO ALFON,es,True,144900.0,103872896,40.334239,False,nan,sale,nan,"Hogares Leganés San Nicasio in Plaza El Salvador 4 sells: Ground floor in good condition of 78m2 located in the San Nicasio neighborhood distributed in an entrance hall, living room, kitchen, four bedrooms (one interior) and a bathroom. Located 4 minutes from the San Nicasio metro and a few minutes from Renfe Leganés Central. It has all the services around it, health center, C. C new plaza, all bus lines, leisure areas, hospitality, etc. Financing up to 100% thanks to our financial department finanhogar For more questions, do not hesitate to call and make an appointment to visit it without obligation.",False,{'typology': 'flat'},good,1858.0,https://www.idealista.com/inmueble/103872896/,nan,https://img3.idealista.com/blur/WEB_LISTING/0/id.pro.es.image.master/85/8a/cb/1202820327.jpg,Rio Duero,False,-3.7703386,San Nicasio - Campo de Tiro - Solagua,Leganés,bj,flat,San Nicasio,False,nan
3,Madrid,165.0,True,False,"{'subtitle': 'V Centenario, Leganés', 'title': 'Flat in Calle Jesus Miguel Haddad Blanco'}",False,4,True,True,True,31,COLISEUM,es,True,342500.0,102176088,40.3416204,False,"{'hasParkingSpace': True, 'isParkingSpaceIncludedInPrice': True}",sale,nan,"HOGARES LEGANÉS exclusively offers a fantastic apartment in the best urbanization of V Centenario. The property is located on the second floor of the building with an elevator and is distributed as follows: Large hall with guest closet. Spacious and bright kitchen, with space for a table. Separate living/dining room with glazed terrace, south facing. 4 spacious rooms 2 full bathrooms and 1 toilet. The house is very spacious and with lots of light thanks to its orientation. Includes storage room and garage space. It belongs to a huge urbanization, with large garden areas, swimming pool, paddle tennis court, gym, sauna and other recreational areas. It is close to all types of services: metro, university, pharmacy, doctor, schools, parks... Easy access to M40 and M30 roads, 20 minutes from the center of Madrid and 5 minutes from the Parque Sur Shopping Center. DON'T HESITATE TO REQUEST YOUR VISIT! BETTER SEE! Consult our financial department for 100% FINANCING!",False,{'typology': 'flat'},good,2076.0,https://www.idealista.com/inmueble/102176088/,nan,https://img3.idealista.com/blur/WEB_LISTING/0/id.pro.es.image.master/a1/6b/20/1146870626.jpg,Calle Jesus Miguel Haddad Blanco,False,-3.7659959,San Nicasio - Campo de Tiro - Solagua,Leganés,2,flat,V Centenario,False,nan
1,Madrid,76.0,True,False,"{'subtitle': 'Zarzaquemada, Leganés', 'title': 'Flat in Calle de la Moraña'}",False,3,True,True,True,41,3930,es,False,169900.0,102772500,40.333233,False,nan,sale,nan,"LET US HELP YOU FIND A NEW PATH TO YOUR HOME. VIVALTA manages this magnificent home in the Zarzaquemada neighborhood. The apartment is exterior and is located on the second floor of a building without an elevator. The house is oriented towards garden areas of the property, very bright, a fact to take into account in terms of energy efficiency. The house has 64 square meters built, distributed in an entrance hall, living room, hallway, 3 bedrooms (all of them spacious), built-in wardrobes in two of them, full bathroom with bathtub and window, fully equipped independent kitchen, with terrace laundry room to the light patio. The house has a 15 m² storage room. The apartment has individual natural gas heating and air conditioning in the living room and master bedroom, aluminum windows, parquet floors. The house is to enter to live. The Zarzaquemada neighborhood where the home is located is unbeatable, with everything you need to live such as schools, pharmacies, banks, supermarkets, health centers, green areas, parks, etc. Perfectly connected by both private transport M-402 (towards Villaverde), M-421 and M-425 (towards Carabanchel) and M-406 (towards Getafe), and public, Julián Besteiro south metro, commuter line C-5, Burnt Bramble station.   IF YOU WANT TO BE THE FIRST TO VISIT IT, CALL US TO COME SEE IT!.",False,{'typology': 'flat'},good,2236.0,https://www.idealista.com/inmueble/102772500/,nan,https://img3.idealista.com/blur/WEB_LISTING/0/id.pro.es.image.master/2c/f0/74/1198986301.jpg,Calle de la Moraña,False,-3.7535639,Zarzaquemada,Leganés,2,flat,Zarzaquemada,False,nan
2,Madrid,218.0,True,False,"{'subtitle': 'Derechos Humanos, Leganés', 'title': 'Semi-detached house'}",True,5,False,nan,False,41,7055,es,nan,489000.0,102660927,40.3212507,False,"{'hasParkingSpace': True, 'isParkingSpaceIncludedInPrice': True}",sale,nan,"We are pleased to present this spectacular HOUSE in Leganés, in Los Tilos, a privileged area. Renovated in 2017. You will be 5 min. from the center of the municipality with all the services you may need on a daily basis by walking and, at the same time, it will allow you to enjoy the tranquility of a residential area, without traffic and surrounded by green areas. In short, a luxury. This house is semi-detached and on the corner, with an area of 218 m2 distributed over several floors and also has a very well-kept garden at the back, with a pergola covered with vegetation that you will enjoy almost all year round. And that's not all, it also has a garden area with a children's area in the urbanization. 400 meters from the Casa del Reloj Metro Station - Leganés Line 12 of the MADRID METRO It is in perfect condition since it has been renovated and you will see it in each of its details. The distribution is impeccable, modern and comfortable. What stands out most are its spacious and functional spaces, with 5 bedrooms with built-in wardrobes that guarantee comfort and privacy for the whole family, 1 large and modern bathroom with shower and window, a 24 m2 living room on 2 levels so that take advantage of it with different uses and environments and from which you will go out to the back garden, the Garage with direct access to the home, a basement of more than 50 m2 so that you never have problems with order in the home again or so that you can enjoy your hobbies or an extra space that you can condition according to your needs. In short, the opportunity to enjoy a great quality of life with your family. This will be a smart choice for those looking for a quality home, with everything necessary to enjoy a day-to-day life full of comforts in a quiet environment surrounded by green areas. Call to arrange a visit, discover everything this house has to offer and don't miss the opportunity to become its new owner. REF: 7055.",False,"{'typology': 'chalet', 'subTypology': 'semidetachedHouse'}",good,2243.0,https://www.idealista.com/inmueble/102660927/,nan,https://img3.idealista.com/blur/WEB_LISTING/0/id.pro.es.image.master/f0/84/1c/1162930563.jpg,subdistrict Derechos Humanos,False,-3.7610951,Derechos Humanos,Leganés,nan,chalet,Derechos Humanos,False,nan
3,Madrid,208.0,True,False,"{'subtitle': 'Solagua, Leganés', 'title': 'Terraced house in Calle Haya'}",True,4,True,nan,False,37,MN3-5381,es,nan,525000.0,103282538,40.3424542,False,"{'hasParkingSpace': True, 'isParkingSpaceIncludedInPrice': True}",sale,nan,"Wonderful semi-detached house with 3 floors, 4 bedrooms and 3 bathrooms, in Leganés. It has 208m2 with a 30m2 garden area. South orientation. Gated community with swimming pool and garden area. Its distribution is as follows: GROUND FLOOR: Front entrance patio, open kitchen with office, toilet, built-in wardrobe, spacious and bright living room with access to a 30-meter garden area, with electric awning. Street level garage. Possibility of another large parking space in a nearby building. FIRST FLOOR: Master bedroom of 17 m2 with a full bathroom, built-in wardrobe and large terrace. On this floor there are 3 other spacious bedrooms of 14 m2, 15 m2 and 9 m2 (two of them with built-in wardrobes) and another bathroom. complete. On the top floor is the fully usable 52 m2 attic with large closets adjusted to the configuration of the space. Heating with natural gas and air conditioning. House very well located, in very good condition, very quiet area and at the same time close to green areas and parks as well as the San Nicasio metro and direct buses to Madrid; exits close to the M40, M45 and R5; Very close to shopping areas, supermarkets and schools. DO NOT MISS THIS OPPORTUNITY AND CONTACT US TO MAKE A VISIT. Daurum Estate offers to obtain the best financing tailored to you up to 100% of the purchase and sale value, whether the home is ours or not. INFORMATION WITHOUT COMMITMENT in the same telephone number of the advertisement. In addition, the possibility of renovation services to accommodate the home to your liking.",False,"{'typology': 'chalet', 'subTypology': 'terracedHouse'}",good,2524.0,https://www.idealista.com/inmueble/103282538/,nan,https://img3.idealista.com/blur/WEB_LISTING/0/id.pro.es.image.master/b7/dc/b5/1197705140.jpg,Calle Haya,False,-3.7785813,San Nicasio - Campo de Tiro - Solagua,Leganés,nan,chalet,Solagua,False,nan
2,Madrid,127.0,True,False,"{'subtitle': 'El Carrascal, Leganés', 'title': 'Flat in Rey Juan Carlos'}",False,4,True,True,False,21,CARRASCAL MANU,es,True,370000.0,103608013,40.336515,False,"{'hasParkingSpace': True, 'isParkingSpaceIncludedInPrice': True}",sale,nan,"HOGARES LEGANÉS ZARZAQUEMADA exclusively offers this FANTASTIC HOUSE for sale in one of the best areas of the El Carrascal neighborhood. The 127 M2 house has double orientation, is in a very good state of conservation and is distributed as follows: entrance hall, kitchen equipped with an office and access to a covered clothesline. Large living room with access to terrace with wonderful views. Distributor that perfectly separates the living area from the rest area with large 4 bedrooms with built-in wardrobes and two complete bathrooms, one of them en suite. The house has individual heating and changed windows. As extras, the property has 3 elevators, a large parking space and a video intercom inside the property. If you are looking for a very spacious home, with lots of light, in an unbeatable location, close to all kinds of services and shops; El Carrascal metro stop, bus stops, supermarkets, schools, bars and restaurants. THIS IS YOUR HOUSE! Don't miss the opportunity to visit this home! FINANCING UP TO 100%!",False,{'typology': 'flat'},good,2913.0,https://www.idealista.com/inmueble/103608013/,nan,https://img3.idealista.com/blur/WEB_LISTING/0/id.pro.es.image.master/61/f2/7a/1194753675.jpg,REY JUAN CARLOS,False,-3.7448998,El Carrascal,Leganés,7,flat,El Carrascal,False,nan
1,Madrid,55.0,True,False,"{'subtitle': 'Casco Antiguo, Leganés', 'title': 'Flat in Calle Isabel la Católica'}",False,2,True,True,False,22,2131-B,es,True,154000.0,102389009,40.3257418,False,nan,sale,nan,"Apartment with elevator in the center of Leganes! 100% FINANCING Financing subject to study by the banking entity! 52m² apartment for sale, ready to move into and in an area with everything within your reach. The house has two large bedrooms (1 double and one single), 1 bathroom with shower, living room, large kitchen for daily use, and it also has a large terrace. We must highlight that due to being completely exterior, the West Facing Apartment is Super bright throughout the day. As for qualities, you have grees floors, double glazed tilt-and-turn aluminum windows, sapelly doors, individual natural gas heating. In the surroundings you can find supermarkets, fruit shops, pharmacies, bars, neighborhood stores, etc... and walking you would be 1min away. from Plaza España and Plaza Fuente Honda. Good communication by road (M-50, A-42, A-5, M-45) public transport (Renfe and Metro Sur 5 minutes away. walking), plus several bus lines at the door) If you need to sell your home, at Unipiso we take care of all the procedures for a house change to suit you. REQUEST INFORMATION WITHOUT COMMITMENT!",False,{'typology': 'flat'},good,2800.0,https://www.idealista.com/inmueble/102389009/,nan,https://img3.idealista.com/blur/WEB_LISTING/0/id.pro.es.image.master/88/16/7f/1154044114.jpg,Calle Isabel la Católica,False,-3.7657448,Centro,Leganés,3,flat,Casco Antiguo,False,nan
4,Madrid,287.0,True,False,"{'subtitle': 'Solagua, Leganés', 'title': 'Semi-detached house in Calle del Haya'}",False,5,True,nan,False,46,NM00861,es,nan,550000.0,100416930,40.3431479,False,nan,sale,nan,"inmoversion WITHOUT COMMISSIONS.We do not charge the buyer ANYTHING.We are the leading online real estate agency in the area.You know why? It's easy to imagine. SEMI-DETACHED single-family home, located in LEGANES, in the best area of SOLAGUA. The owners of this single-family home have decided to put it up for sale.It is a spacious 5-bedroom home with many possibilities due to its distribution. If you are looking for a first home in the area, it is one of the best options currently on the market. Housing Characteristics: Built in 2004.Constructed area 287m2.Plot area: 215m2. Great semi-detached house with a surface area of 287m², bright and very well located on a CORNER plot.Distribution over 4 floors, garden with barbecue and common areas in the urbanization (swimming pools, garden and playground). On the ground floor, we access the house where we find a large hall with a guest toilet, a cozy living-dining room with direct access to a closed terrace-gazebo and a magnificent kitchen (spacious and bright). The first floor consists of 3 bright bedrooms, with built-in wardrobes in all of them, the main one, very spacious, has a suite-type bathroom.Also in the hall of this second floor we have a common bathroom that serves the other two bedrooms. Attic: a large open-plan and very bright space currently used as a bedroom but due to its size, ideal for an office, study or even a gym. On the semi-basement floor with windows there is a second living room with a fireplace, a large bedroom, a full bathroom and direct access to the garage with capacity for two vehicles. QUALITIES: - Aluminum windows with double glazing - Armored main door - Bars on the ground floor - Oak doors in all rooms - Built-in wardrobes - Furnished kitchen. - Marble and stoneware floors depending on the room. - Walls with dripped paint - Individual NATURAL GAS heating Recommended option as a habitual family residence.The house is sold unfurnished. Expenses and taxes: the indicated price does not include taxes or deed expenses.The furniture and fixtures that may appear in the advertisement photographs are not included in the sale price of the property. VISITOR MANAGEMENT: If you consider that this home may interest you and fits what you are looking for, we invite you to visit it.For better management, we recommend that you FILL OUT THE CONTACT FORM in this advertisement or by chat, providing your name, contact telephone number and availability for the visit. About us: Inmoversion is an online real estate agency that does not charge commissions.The seller only pays a fixed fee and we do not charge the buyer anything.The price of the home does not support agency commissions and is adjusted to the market price.Visit inmoversion.is and knows how we work.",False,"{'typology': 'chalet', 'subTypology': 'semidetachedHouse'}",good,1916.0,https://www.idealista.com/inmueble/100416930/,nan,https://img3.idealista.com/blur/WEB_LISTING/0/id.pro.es.image.master/84/4c/aa/1186438140.jpg,Calle del Haya,False,-3.7774143,San Nicasio - Campo de Tiro - Solagua,Leganés,nan,chalet,Solagua,False,nan
2,Madrid,100.0,True,False,"{'subtitle': 'El Carrascal, Leganés', 'title': 'Flat in Avenida de Francia'}",False,2,True,True,False,32,r1839,es,True,295000.0,100411202,40.3388163,False,nan,sale,nan,"This luxury flat is at avenida de Francia Leganés, Madrid, at El Carrascal. It is a sunny flat that has 100 m2 and has 2 rooms and 2 bathrooms. It has furnished kitchen and it includes windows climalit, exterior, reformed, aire acondicionado, smooth walls, individual air conditioning: heat pump, ascensor, security door, storage room included, alarma, calefacción central, private bathroom, aluminum windows, luminous, garage included, good condition, cocina americana, wardrobe and tv antenna.",False,{'typology': 'flat'},good,2950.0,https://www.idealista.com/inmueble/100411202/,nan,https://img3.idealista.com/blur/WEB_LISTING/0/id.pro.es.image.master/52/76/33/1084397174.jpg,Avenida de Francia,False,-3.7465597,El Carrascal,Leganés,3,flat,El Carrascal,False,nan
2,Madrid,100.0,True,False,"{'subtitle': 'Derechos Humanos, Leganés', 'title': 'Flat in Avenida de los Derechos Humanos'}",False,3,True,True,False,26,2140-B,es,True,265000.0,101612758,40.3225971,False,nan,sale,nan,"BRAND NEW APARTMENT IN LOS TILOS! Located in a private urbanization just 10 minutes walk from the old town of Leganés, with a swimming pool, surrounded by large green areas and within reach of everything you need but with the tranquility of a residential area. The house has an approximate constructed area of 100m² distributed in 3 large double bedrooms (the main one is 13m²) and two bathrooms, one of which is en suite. Upon entering we find a security door and a spacious hall giving direct access to the 21m² living room and dining room, which has two well-differentiated rooms where the spaciousness and comfort for all members of the house stand out. The kitchen measures 9m² and has large modern cabinets with a large capacity, as well as space to eat comfortably in it. In the same kitchen we have access to a clothesline room with space for a washing machine, dryer and of course to hang clothes. The qualities of the home are current and it has undergone a comprehensive renovation. It has beech doors, imitation stoneware floors, PVC windows with tilt-and-turn thermal break, smooth walls, high ceilings and individual heating. As for public transportation, you have Metrosur (L12 Casa del Reloj) a 7-minute walk away, busesN 493-497). By road you have very good access to M-50, A-42, M-45, A-5 and R5. If you need to sell your home, at Unipiso we take care of all the procedures for a house change to suit you. REQUEST INFORMATION WITHOUT OBLIGATION, WE WILL BE HAPPY TO ASSIST YOU. "".",False,{'typology': 'flat'},good,2650.0,https://www.idealista.com/inmueble/101612758/,nan,https://img3.idealista.com/blur/WEB_LISTING/0/id.pro.es.image.master/07/d3/c7/1127864479.jpg,Avenida de los Derechos Humanos,False,-3.7620095,Derechos Humanos,Leganés,bj,flat,Derechos Humanos,False,nan
2,Madrid,123.0,True,False,"{'subtitle': 'Poza del Agua, Leganés', 'title': 'Flat in Calle Urano, 2'}",False,3,False,True,False,16,V10,es,True,389500.0,103874498,40.3407,True,"{'hasParkingSpace': True, 'isParkingSpaceIncludedInPrice': True}",sale,nan,"Your ideal home in Leganés. ""Residencial Juan de Austria"" is a housing development with 2, 3 and 4 bedrooms, all with terraces, ground floors and penthouses in one of the most modern areas of Leganés. Residential project in a gated community with swimming pool, paddle tennis, gym and garden areas. Garage and storage included in the price Located in ""Poza del Agua"" one of the most requested areas of Leganés, it has all kinds of services, large green areas in the surroundings such as the Valdegrullas park and excellent communications both by public transport (Metro, RENFE commuter train) and private. The building has a modern and attractive design that will have high energy efficiency. The interior of the houses is characterized by its spacious rooms and an excellent distribution. The homes will have extensive customization options as usual in Libra projects. * This project will be managed under the Cooperative regime in the event that it turns out to be the best offer and winner of the land tender called by ""EMSULE"" on this plot.",True,{'typology': 'flat'},newdevelopment,3167.0,https://www.idealista.com/obra-nueva/103874498/,False,https://img3.idealista.com/blur/WEB_LISTING/0/id.pro.es.image.master/37/7b/19/1093443537.jpg,"Calle Urano, 2",False,-3.78435,San Nicasio - Campo de Tiro - Solagua,Leganés,2,flat,Poza del Agua,False,nan
3,Madrid,143.0,False,False,"{'subtitle': 'V Centenario, Leganés', 'title': 'Duplex in Calle de Paraguay, 15'}",False,3,True,True,False,47,C0127-00125,es,True,310000.0,103163236,40.3423637,True,"{'hasParkingSpace': True, 'isParkingSpaceIncludedInPrice': True}",sale,nan,"Do you want a life with all the comforts? Century 21 Now IV presents you with this exclusive apartment located in V Centenario, a highly sought-after residential area in Leganés because it has all the services nearby and is also surrounded by large green areas to enjoy nature just a step away from home. 10 minutes from the urban center and the Parque de la Hispanidad and the Valdegrullas meadow, so you can walk, play sports or ride a bike enjoying exceptional views, with ponds and children's areas. It is located in a well-established private urbanization, with a spectacular garden area, very well maintained and equipped with a private pool, sports area and children's area. It is a duplex on the 1st floor and you will like it because it is on the corner, it has 2 terraces and windows throughout the house that provide lots of natural light and good ventilation. The distribution is ideal for day-to-day comfort: common spaces on the main floor with 1 guest toilet, a pleasant kitchen with a very practical office area and a very bright living room with access to the terrace. The rest area, on the first floor, consists of a master bedroom with terrace and en-suite bathroom, 1 large independent bathroom and 2 other bedrooms that can be easily joined if you prefer. In addition, it has a Garage and Storage Room. It is ready to update so you can condition it to your liking, however you have imagined your new home. All are good reasons to visit. It can be your home! Call now to arrange a visit.",False,"{'typology': 'flat', 'subTypology': 'duplex'}",good,2168.0,https://www.idealista.com/inmueble/103163236/,nan,https://img3.idealista.com/blur/WEB_LISTING/0/id.pro.es.image.master/94/15/18/1180320394.jpg,"Calle de Paraguay, 15",False,-3.7687929,San Nicasio - Campo de Tiro - Solagua,Leganés,1,duplex,V Centenario,False,nan
2,Madrid,158.0,True,False,"{'subtitle': 'V Centenario, Leganés', 'title': 'Duplex in Calle Chile'}",False,4,True,True,False,23,ChileAlba,es,True,369900.0,102927354,40.3430012,False,nan,sale,nan,"HOGARES LEGANÉS exclusively offers a fantastic DUPLEX in V Centenario. The house is in excellent condition. COMPLETELY RENOVATED IN 2020 It is very spacious and bright, completely new plumbing and electrical system, armored door, smooth walls, underfloor heating and cooling floors. AEROTHERMAL system throughout the house with a 200 liter water tank and air conditioning with heat pump. The property is located on the fourth floor of the building with an elevator. It belongs to a neighborhood development with two swimming pools, multi-use courts, a playground and garden areas, and is distributed as follows: Large hall. Separate kitchen with sliding door, in perfect condition, with custom furniture. Huge living room facing East, very bright, with access to the terrace. The terrace has two enjoyment spaces joined by a hallway, and overlooks the community area. Two large single rooms, one of them with access to a terrace. Completely renovated bathroom, with Italian shower and sliding door to make more use of the space. Spacious master bedroom with access to terrace and large en-suite bathroom with bathtub. The main floor has an area of 115m2. At the top we have a reinforced door with an open space to give it the use that best suits your needs. Storage area too. The upper floor has an area of 43.20m2. It is close to all types of services: supermarkets, pharmacy, parks. and 12 minutes walk from the San Nicasio metro. Easy access to M40 and M30 roads, 20 minutes from the center of Madrid and 5 minutes from the Parque Sur Shopping Center. DON'T HESITATE TO REQUEST YOUR VISIT! BETTER SEE!",False,"{'typology': 'flat', 'subTypology': 'duplex'}",good,2341.0,https://www.idealista.com/inmueble/102927354/,nan,https://img3.idealista.com/blur/WEB_LISTING/0/id.pro.es.image.master/f0/ba/10/1172060209.jpg,Calle Chile,False,-3.7687032,San Nicasio - Campo de Tiro - Solagua,Leganés,4,duplex,V Centenario,False,nan
1,Madrid,65.0,True,False,"{'subtitle': 'Zarzaquemada, Leganés', 'title': 'Flat in Calle de la Moraña'}",True,3,False,True,False,8,MORAÑA,es,False,169000.0,103860188,40.3307806,False,nan,sale,nan,"The Company WE LOVE YOUR HOUSE, Grupo Hogares con Alma, sells in the LEGANES area: The house, to be renovated, consists of 61 square meters built distributed in: Entrance hallway that gives access to the different areas of the house. LIVING ROOM with the capacity to put a seating area and a dining area, large windows that provide great light to the room. The KITCHEN, very spacious with great capacity to work in it and with a multitude of possibilities, has a It has THREE ROOMS. The main one has a built-in wardrobe and enough space to place a double bed. The other TWO BEDROOMS have a similar size, both with the capacity to accommodate a single bed. The apartment has INDIVIDUAL NATURAL GAS HEATING and AIR CONDITIONING. The house has ALL THE FACILITIES, since it does not have load-bearing walls, we can adapt it completely to our needs. Perfect Opportunity for both investors and families, the apartment has full possibility of renovating to your liking, since it does not have load-bearing walls, and since it does not face the main avenue, it would be quiet, very quiet without noise from the outside. Very comfortable and quiet area, with access to green areas, schools, playgrounds and sports, health center, pharmacies, shops, supermarkets, fruit shops, bars and restaurants. Within walking distance is the Julián Besteiro Metro station and Renfe Leganés Station. In addition, Interurban Bus lines 4 84. Buying a home always marks a special moment in people's lives. It is at that moment where realities, dreams and future plans materialize in a home. Think of something nice, think of yourself.",False,{'typology': 'flat'},good,2600.0,https://www.idealista.com/inmueble/103860188/,nan,https://img3.idealista.com/blur/WEB_LISTING/0/id.pro.es.image.master/71/33/b0/1202448285.jpg,Calle de la Moraña,False,-3.75229,Zarzaquemada,Leganés,1,flat,Zarzaquemada,False,nan
1,Madrid,60.0,True,False,"{'subtitle': 'Casco Antiguo, Leganés', 'title': 'Flat in Santa Teresa'}",True,2,True,True,False,15,142-V,es,True,135000.0,103759184,40.3275019,False,nan,sale,nan,"Apartment for sale in Leganés, in a consolidated neighborhood. It is a ground floor with 60m2 built. It has 2 bedrooms, a large living-dining room with an American-style kitchen and a bathroom with a shower and screen. The orientation is south, which guarantees excellent natural lighting throughout the day. The property has double aluminum windows, thermal insulation and energy efficiency, which contributes to savings in energy consumption. In addition, it has individual gas heating. The floors are made of stoneware and parquet, the doors are lacquered and the walls are smooth, which gives a modern and elegant touch to the space. The location is unbeatable, with shops, restaurants, supermarkets, pharmacies, schools and a health center nearby. In addition, it is just a two-minute walk from the Leganés Central station, where the Metrosur and Cercanías lines are located, making it easier to get around the city. It also has bus stops at the door (480, 484, 485 and 486). Regarding the connection with the center of Madrid, it is 20 minutes from Atocha and 30 minutes from Sol. If you are interested in obtaining more information about this apartment for sale, do not hesitate to contact us. We will be happy to provide you with all the information you need, without any obligation. REQUEST INFORMATION WITHOUT COMMITMENT.",False,{'typology': 'flat'},good,2250.0,https://www.idealista.com/inmueble/103759184/,nan,https://img3.idealista.com/blur/WEB_LISTING/0/id.pro.es.image.master/06/80/57/1199308063.jpg,Santa Teresa,False,-3.7715797,Centro,Leganés,bj,flat,Casco Antiguo,False,nan
1,Madrid,69.0,False,False,"{'subtitle': 'Zarzaquemada, Leganés', 'title': 'Flat in Mayorazgo, 14'}",False,3,False,True,False,38,nan,es,True,179900.0,103874541,40.3366721,True,nan,sale,nan,"Apartment for sale on Calle Mayorazgo. Leganés. Madrid. 69 m2 built. 64 useful. The property is distributed in: Entrance hall. Fully furnished kitchen with glazed terrace with awning. Separate living room with terrace. Heat and cold pump. 1 double room with built-in wardrobe and 2 youth rooms. Full bathroom. PVC windows with thermal insulation. Elevator. Water is included in the community. Very good orientation. All exterior. Schools, pharmacies, public transportation... etetec everything very central. We do not charge the buyer. We look at financing.",False,{'typology': 'flat'},good,2607.0,https://www.idealista.com/inmueble/103874541/,nan,https://img3.idealista.com/blur/WEB_LISTING/0/id.pro.es.image.master/57/ec/85/1202944126.jpg,"Mayorazgo, 14",False,-3.7505198,Zarzaquemada,Leganés,4,flat,Zarzaquemada,False,nan
3,Madrid,280.0,True,False,"{'subtitle': 'Valdepelayo-Montepinos-Arroyo Culebro, Leganés', 'title': 'Detached house'}",False,6,True,nan,False,65,R-1926,es,nan,579900.0,103558006,40.3091673,False,nan,sale,nan,"This villa is at 28914, Leganés, Madrid, at Arroyo Culebró. It is a villa that has 280 m2.",False,"{'typology': 'chalet', 'subTypology': 'independantHouse'}",good,2071.0,https://www.idealista.com/inmueble/103558006/,nan,https://img3.idealista.com/blur/WEB_LISTING/0/id.pro.es.image.master/a0/2c/ba/1193286396.jpg,subdistrict Valdepelayo-Montepinos-Arroyo Culebro,False,-3.7892489,Valdepelayo - Montepinos - Arroyo Culebro,Leganés,nan,chalet,Valdepelayo-Montepinos-Arroyo Culebro,False,nan
4,Madrid,237.0,True,False,"{'subtitle': 'V Centenario, Leganés', 'title': 'Semi-detached house'}",False,5,True,nan,False,36,nan,es,nan,490000.0,100287984,40.3393802,False,"{'hasParkingSpace': True, 'isParkingSpaceIncludedInPrice': True}",sale,nan,"WFerrero Servicios Inmobiliarios Sells fantastic single-family home, located in one of the best areas of Leganes. Located just 10 minutes from Madrid. The house has an area of 237 m2. distributed over four floors. Ground floor: We enter the house and find a large hall from which, on the right, we access a large, brightly furnished and equipped designer kitchen. On the left, a toilet, and access to the basement area and in front, the independent living room with several rooms from which you have access to the garden of about 60 m2. The paved garden has fantastic planters, trees, and a barbecue. We went up to the first floor, of which it is worth highlighting the access for people with reduced mobility with the installation of a perfectly functioning lift chair. On the first floor there are four bedrooms, with built-in wardrobes and two completely renovated bathrooms, one of them en suite. The second floor is a large attic room with high ceilings, and from it there is access to a covered solarium of approximately 40 m2. (there are no photos of these rooms). In the basement, it should be ruled out that it has natural ventilation in all rooms with double glazed aluminum windows. The distribution is a large living room, a bedroom-storage room. and a bathroom with a bathtub. And there is also access to the garage with capacity for two cars. (no photos have been included in the description) Housing qualities: The floors are made of marble and parquet, the individual natural gas heating. Folding climalit aluminum windows. IT IS IMPORTANT TO KNOW THAT: Housing adapted for reduced mobility. The house DOES NOT HAVE COMMUNITY EXPENSES. COMMUNICATIONS: 5 minutes from the A-42 by car, which connects with the M-50, R-4 and R-5. Public transportation options: 483 Commuter station: Leganes Central. San Nicasio Metro.",False,"{'typology': 'chalet', 'subTypology': 'semidetachedHouse'}",good,2068.0,https://www.idealista.com/inmueble/100287984/,nan,https://img3.idealista.com/blur/WEB_LISTING/0/id.pro.es.image.master/ca/d8/30/1076444845.jpg,subdistrict V Centenario,False,-3.7700545,San Nicasio - Campo de Tiro - Solagua,Leganés,nan,chalet,V Centenario,False,nan
1,Madrid,100.0,True,False,"{'subtitle': 'Las Dehesillas-Vereda de los Estudiantes, Leganés', 'title': 'Flat'}",False,3,True,True,False,25,553-V,es,False,180000.0,102179409,40.3191697,False,nan,sale,nan,"100% FINANCING Financing subject to study by the banking entity! Are you looking for a home in a quiet and well-connected neighborhood? We have just what you need! This spacious 110m² apartment is located in Vereda de los Estudiantes, an area with all basic services nearby: shops, schools, pharmacies and restaurants. In addition, it is just a 12-minute walk from the Casa del Reloj Metro and has buses right outside the door. The apartment is exterior and bright, with 3 bedrooms equipped with large built-in wardrobes and 1 full bathroom. The kitchen is furnished and has a built-in clothesline, while the living room is independent and has an attached 25m² terrace. ç The construction dates back to 1988 and has stoneware floors, smooth walls, oak doors and aluminum windows with double glazing. The heating is individual natural gas and the living room has air conditioning. In addition, the apartment has a storage room It is managed by Unipiso, a home sales management service that offers you information without obligation. Are you interested? Do not hesitate to contact us!",False,{'typology': 'flat'},good,1800.0,https://www.idealista.com/inmueble/102179409/,nan,https://img3.idealista.com/blur/WEB_LISTING/0/id.pro.es.image.master/f2/83/eb/1146972809.jpg,subdistrict Las Dehesillas-Vereda de los Estudiantes,False,-3.7584836,Las Dehesillas - Vereda de los Estudiantes,Leganés,2,flat,Las Dehesillas-Vereda de los Estudiantes,False,nan
3,Madrid,296.0,True,False,"{'subtitle': 'Valdepelayo-Montepinos-Arroyo Culebro, Leganés', 'title': 'Semi-detached house in Arroyo Culebro'}",False,4,False,nan,False,2,ARROYO CULEBRO 1,es,nan,559900.0,103859801,40.3240337,False,"{'hasParkingSpace': True, 'isParkingSpaceIncludedInPrice': True}",sale,nan,"HOGARES LEGANES IN PLAZA EL SALVADOR 4 SELLS MAGNIFICENT VILLA! It is located in the Valdepelayo neighborhood with quick access to M-40 and A42, and less than 5 minutes from the ParqueSur Shopping Center. It is located close to essential services such as train, pharmacies, supermarkets, schools.. . The property is part of a community of owners with common areas. It has an urbanization with a swimming pool, soccer field and barbecue area. The house is distributed over four floors as follows: On the FIRST FLOOR we find the hall, a bright fully equipped kitchen with access to the backyard, a living room of almost 50 meters and a toilet. The SECOND FLOOR houses FOUR bedrooms and two bathrooms. Three have a private terrace. The master bedroom has a full en-suite bathroom. On the top floor is the ATTIC with a terrace, completely open plan, perfect to adapt to your needs. On the BASEMENT floor we have a garage for 2 cars (possibility of a garage for 4 cars), cellar/living room and laundry. This space is fantastic for celebrations! Don't miss this unique opportunity to acquire your new home in Leganés! DO NOT HESITATE TO REQUEST YOUR VISIT, BETTER SEE! Consult our financial department for 100% FINANCING!",False,"{'typology': 'chalet', 'subTypology': 'semidetachedHouse'}",good,1892.0,https://www.idealista.com/inmueble/103859801/,nan,https://img3.idealista.com/blur/WEB_LISTING/0/id.pro.es.image.master/8c/88/df/1202701299.jpg,Arroyo Culebro,False,-3.7800267,Valdepelayo - Montepinos - Arroyo Culebro,Leganés,nan,chalet,Valdepelayo-Montepinos-Arroyo Culebro,False,nan
3,Madrid,242.0,False,False,"{'subtitle': 'V Centenario, Leganés', 'title': 'Terraced house in Calle Cuba'}",False,4,True,nan,False,41,nan,es,nan,434900.0,101808721,40.3373154,False,"{'hasParkingSpace': True, 'isParkingSpaceIncludedInPrice': True}",sale,nan,"HOGAR IDEAL INMOBILIARIA sells a magnificent 242m² semi-detached house with four floors, front and rear patio. It is located in the residential neighborhood of V Centenario, in a very quiet, pleasant environment surrounded by green areas, just 10 minutes from the urban center of Leganés and the Cercanías Renfe station. The house was built in the early 90s with top quality materials and finishes, with a magnificent distribution of spaces with spacious, bright and very pleasant rooms, which make it a very comfortable and comfortable home. The house has 242m² built, spread over 4 floors, through the main floor you have direct access to the backyard of the house with fruit trees. We access the house through a beautiful front patio, through an entrance hall open to a very large and open-plan living-dining room, distributed in two different rooms, a dining area and a second, large living area, all with a large window. from which you can see the backyard. On this same floor we find a guest toilet at the entrance and a beautiful and spacious independent kitchen with access to the backyard. Going up to the first floor via a comfortable and wide staircase, we access from a bright hall to the three bedrooms and two full bathrooms, the master bedroom has an en-suite bathroom and a large terrace overlooking the main entrance and another terrace overlooking the backyard. Completely open-plan basement divided into two rooms, one of them with a living and dining area and the other with a cellar. Second floor consisting of a completely open and spacious attic, with natural light. The house has air conditioning, heating and individual natural gas hot water, parquet wooden floors, solid wooden doors, double glazed aluminum windows. Housing with an unbeatable location with all services within walking distance (Hospital, health center, pharmacy, supermarkets) and connected to buses, Cercanias Renfe and MetroSur. Call and find out!",False,"{'typology': 'chalet', 'subTypology': 'terracedHouse'}",good,1797.0,https://www.idealista.com/inmueble/101808721/,nan,https://img3.idealista.com/blur/WEB_LISTING/0/id.pro.es.image.master/98/2b/05/1134485729.jpg,Calle Cuba,False,-3.7667709,San Nicasio - Campo de Tiro - Solagua,Leganés,nan,chalet,V Centenario,False,nan
1,Madrid,63.0,True,False,"{'subtitle': 'San Nicasio, Leganés', 'title': 'Flat in Calle Río Alberche'}",False,3,False,True,False,26,CLK01/3723,es,False,123000.0,103326191,40.334578,False,nan,sale,nan,"WE ARE OWNERS! Enjoy all the advantages of buying directly from the property. At Clikalia we present this apartment located on the exterior 4th floor without elevator. It has a total area of 63 m², distributed in living room and dining room, separate kitchen, 3 bedrooms and 1 bathroom. In addition, it has a terrace. Located on Rio Alberche Street, it has a location near El Castillo Park and the Carlos III University. At the same time, it is close to supermarkets, schools and restaurants. The closest metro station is San Nicasio (L12). Schedule your in-person visit and we will accompany you throughout the entire process. Call us from Monday to Friday from 9:00 a. m. to 8:00 p. m. At Clikalia we offer you the possibility of comprehensively reforming your home at a very competitive price. ask us!",False,{'typology': 'flat'},renew,1952.0,https://www.idealista.com/inmueble/103326191/,nan,https://img3.idealista.com/blur/WEB_LISTING/0/id.pro.es.image.master/b8/ec/a0/1196866226.jpg,Calle Río Alberche,False,-3.7727247,San Nicasio - Campo de Tiro - Solagua,Leganés,4,flat,San Nicasio,False,{'groupDescription': 'Highlight'}
1,Madrid,65.0,False,False,"{'subtitle': 'Zarzaquemada, Leganés', 'title': 'Flat in Calle de los Monegros'}",False,3,False,True,False,18,Monegros A,es,True,165000.0,103871050,40.338473,False,nan,sale,nan,"Welcome to the home of your dreams! From Hogares Monegros we want to show you exclusively. This 3-bedroom apartment is the opportunity you were looking for to live in a bright and cozy space. Located in the Zarzaquemada neighborhood, this property is close to all services and shops, as well as a bus stop and the JULIÁN BESTEIRO METRO station. This apartment is in good condition and guarantees that you can enjoy your home without worries. The distribution of the property is perfect, as it has a fully equipped kitchen, a very bright living-dining room, 3 bedrooms, 2 of them very spacious and another used as a dressing room, with a completely renovated bathroom. In our real estate agency, we take care of the entire home sale process, from the management of all deadlines, contracts and documentation, to the mortgage processing. In addition, we offer mortgages up to 100% and a free financing study. Don't wait any longer and come visit this wonderful apartment without obligation!",False,{'typology': 'flat'},good,2538.0,https://www.idealista.com/inmueble/103871050/,nan,https://img3.idealista.com/blur/WEB_LISTING/0/id.pro.es.image.master/92/31/56/1202759557.jpg,Calle de los Monegros,False,-3.751889,Zarzaquemada,Leganés,3,flat,Zarzaquemada,False,nan
1,Madrid,85.0,False,False,"{'subtitle': 'Santos, Leganés', 'title': 'Flat in Avenida Doctor Martin Vegue'}",False,3,False,True,False,14,nan,es,True,183900.0,103871168,40.3268195,False,nan,sale,nan,"HOGAR IDEAL INMOBILIARIA sells a nice apartment next to Casa del Reloj and a stone's throw from the urban center of Leganés. The house has a constructed area of 85m2 and is distributed in an entrance hall, living-dining room with access to terrace, hallway, full bathroom, large kitchen, three bedrooms. ELEVATOR AND STORAGE ROOM. Centralized heating and hot water. Housing very well located with all services within walking distance (Hospital, health center, pharmacy, supermarkets) and connected to buses, Cercanias Renfe and MetroSur. Call and find out!",False,{'typology': 'flat'},good,2164.0,https://www.idealista.com/inmueble/103871168/,nan,https://img3.idealista.com/blur/WEB_LISTING/0/id.pro.es.image.master/d9/cf/0a/1202762651.jpg,Avenida Doctor Martin Vegue,False,-3.7605536,Centro,Leganés,1,flat,Santos,False,nan
1,Madrid,54.0,True,False,"{'subtitle': 'La Fortuna, Leganés', 'title': 'Flat in Avenida de la Libertad'}",False,2,False,True,False,29,CLK01/3724,es,False,120000.0,103546113,40.3584708,False,nan,sale,nan,"Investment opportunity in Madrid! WE ARE OWNERS! Enjoy all the advantages of buying directly from the property. At Clikalia we present this apartment located on the exterior 2nd floor without elevator. It has a total area of 54 m², distributed in living room and dining room, separate kitchen, 2 bedrooms and 1 bathroom. In addition, it has a terrace and air conditioning in the living room. Located in the La Fortuna neighborhood, on Avenida Libertad, it has a location that will allow you to be close to the García Lorca Gardens and the Parque de la Fortuna. The closest metro station is La Fortuna (L11). Schedule your face-to-face visit and we will accompany you throughout the process. Call us from Monday to Friday from 9:00 a. m. to 8:00 p. m. At Clikalia we offer you the possibility of comprehensively reforming your home at a very competitive price. ask us!",False,{'typology': 'flat'},renew,2222.0,https://www.idealista.com/inmueble/103546113/,nan,https://img3.idealista.com/blur/WEB_LISTING/0/id.pro.es.image.master/f0/8c/65/1199668770.jpg,Avenida de la Libertad,False,-3.7771646,La Fortuna,Leganés,2,flat,La Fortuna,False,nan
1,Madrid,70.0,False,False,"{'subtitle': 'San Nicasio, Leganés', 'title': 'Flat in Rio Urbion'}",False,3,False,True,False,6,SANNICASIO JOSE 2,es,False,136900.0,103867128,40.3323227,False,nan,sale,nan,"HOGARES LEGANÉS SAN NICASIO IN PLAZA EL SALVADOR 4 SELLS: Second floor for sale WITH ELEVATOR APPROVED IN MINUTES. It has an area of 70m2 distributed in an entrance hall, living room, large kitchen, three bedrooms, a bathroom and terrace. In addition, it is located on the second floor with an elevator, which makes it very comfortable for your daily life. The location is unbeatable, just 2 minutes from the San Nicasio Metro and just 5 minutes from Renfe Leganés Central, which will allow you to get around with complete ease. It also has all the services around it, such as a health center, C. C Plaza Nueva, buses of all lines, leisure areas, hospitality, etc. In addition, thanks to FINANHOGAR we get financing up to 100%! If you want to know more details about this property, do not hesitate to call us and make an appointment to visit it without obligation. We will wait for you!",False,{'typology': 'flat'},good,1956.0,https://www.idealista.com/inmueble/103867128/,nan,https://img3.idealista.com/blur/WEB_LISTING/0/id.pro.es.image.master/a0/95/ae/1202636770.jpg,Rio Urbion,False,-3.7712663,San Nicasio - Campo de Tiro - Solagua,Leganés,2,flat,San Nicasio,False,nan
1,Madrid,85.0,True,False,"{'subtitle': 'Casco Antiguo, Leganés', 'title': 'Flat in Plaza Fuente Honda'}",False,3,False,True,True,25,1182-B,es,False,173000.0,103451483,40.328831,False,nan,sale,nan,"Spacious apartment in Plaza Fuente Honda, located in a representative area of the center of Leganés. With an area of 85m², this property offers a perfectly distributed space. Upon entering, you will find a kitchen and a living room of 18m². In addition, it has 3 bedrooms, 2 of them doubles, with dimensions between 10m² and 12m². The full bathroom is spacious and has a shower. Central heating will keep you comfortable all year round. The laminate floors, oak doors and double glazed aluminum windows provide quality and style. The reinforced door offers you additional security. The property has ramps for people with reduced mobility. This apartment is located on a pedestrian street, in the center, with supermarkets, schools, pharmacies, bazaars, restaurants, bars, financial entities, clothing stores, academies and a shopping gallery in the area. Unipiso offers a home sale management service, with personalized and friendly attention. If you need to sell your home, at Unipiso we take care of all the procedures for a house change to suit you. REQUEST INFORMATION WITHOUT OBLIGATION, WE WILL BE HAPPY TO ASSIST YOU. "".",False,{'typology': 'flat'},good,2035.0,https://www.idealista.com/inmueble/103451483/,nan,https://img3.idealista.com/blur/WEB_LISTING/0/id.pro.es.image.master/9c/20/95/1189928091.jpg,Plaza Fuente Honda,False,-3.7653317,Centro,Leganés,3,flat,Casco Antiguo,False,nan
1,Madrid,110.0,False,False,"{'subtitle': 'Casco Antiguo, Leganés', 'title': 'Flat'}",False,1,False,True,False,13,QH52853794,es,False,153425.0,97812761,40.3314495,False,nan,sale,nan,"QUARZO Real Estate sells a splendid apartment in San Nicasio, Leganés. The property has 110 m2 built, of which 41 m2 are useful, which are distributed in the following rooms: it has a living-dining room, an American kitchen, 1 bedroom and 1 complete bathroom. It is located in downtown Leganés, an area that has all kinds of basic services available, such as schools, supermarkets, banks, libraries, pharmacies, post offices, sports centers, several bus stops, the Leganés Central metro station, and the Leganés train station. In terms of accessibility, the property has multiple connections and has easy access to M-425. Call us, we will be happy to assist you!",False,{'typology': 'flat'},good,1395.0,https://www.idealista.com/inmueble/97812761/,nan,https://img3.idealista.com/blur/WEB_LISTING/0/id.pro.es.image.master/e9/ff/f5/991425877.jpg,subdistrict Casco Antiguo,False,-3.7653047,Centro,Leganés,2,flat,Casco Antiguo,False,nan
1,Madrid,65.0,False,False,"{'subtitle': 'Descubridores-Escritores, Leganés', 'title': 'Flat in Calle Hernán Cortés'}",True,3,False,True,False,18,MOS-02,es,True,158000.0,103863323,40.32719,False,nan,sale,nan,"Arroyoastur sells (direct agent wasap contact 6.4. 3.7. 6.9. 7.7. 8) The house has 3 bedrooms, a full bathroom with a bathtub and screen. Living room with terrace and new awnings. Furnished kitchen. New boiler. Individual heating and natural gas. South orientation. Very good location with transportation and commerce. Possibility of 100% FINANCING. It has one of the best locations in Leganes, 5 minutes from the train, the hospital and the university, next to shops, supermarkets and parks. Ideal home for investors since you do not have to invest anything in it and the rent in that area is highly appreciated, it is also perfect to rent by rooms doubling the monthly rent, I will inform you without obligation. We take care of all the formalities and procedures until the signing of the deed at a notary. ARROYOASTUR INMOBILIARIA, we are a company with extensive experience in the real estate sector, we offer you a serious and exclusive personalized service, assuring our clients the maximum guarantees of SUCCESS. Mostoles Office 21 Balearic Street.",False,{'typology': 'flat'},good,2431.0,https://www.idealista.com/inmueble/103863323/,nan,https://img3.idealista.com/blur/WEB_LISTING/0/id.pro.es.image.master/e1/31/07/1202540434.jpg,Calle Hernán Cortés,False,-3.7680596,Centro,Leganés,3,flat,Descubridores-Escritores,False,nan
2,Madrid,88.0,False,False,"{'subtitle': 'La Fortuna, Leganés', 'title': 'Penthouse'}",False,2,False,True,False,38,nan,es,True,220000.0,103863812,40.3558299,False,"{'hasParkingSpace': True, 'isParkingSpaceIncludedInPrice': True}",sale,nan,"GILMER SELLS, Fabulous Penthouse - Duplex in the ""La Fortuna"" neighborhood The exclusive 88m2 property is distributed in: - Receiver - Spacious kitchen with access to terrace - Very large, very bright attic-style living room - Cleanliness - Large master bedroom with built-in wardrobe - Spacious single bedroom - Full bathroom with hydromassage bathtub All its rooms are well distributed and are fabulous and very cozy, but without a doubt the charm of this wonderful property lies in its large, very bright and spacious terrace, which will delight all types of meetings or private moments. The property has a large space enabled as a storage room and two parking spaces. Among its qualities we find built-in wardrobes, natural gas, air conditioning, smooth walls, white lacquered doors, wooden floors, stoneware floors in the bathroom and kitchen, it has a pergola on the terrace. Regarding its location, highlight its proximity to means of transport and the main roads in the area, M-40, A5.. . Don't hesitate and visit it today. And if you need the BEST FINANCING, consult with our advisors without obligation.",False,"{'typology': 'flat', 'subTypology': 'penthouse'}",good,2500.0,https://www.idealista.com/inmueble/103863812/,nan,https://img3.idealista.com/blur/WEB_LISTING/0/id.pro.es.image.master/32/ec/9c/1202540759.jpg,subdistrict La Fortuna,False,-3.7802413,La Fortuna,Leganés,2,penthouse,La Fortuna,False,nan
1,Madrid,54.0,False,False,"{'subtitle': 'Descubridores-Escritores, Leganés', 'title': 'Flat in Plaza de la Inmaculada no number'}",False,3,False,nan,False,1,10048-2025,es,True,107000.0,102951096,40.3243483,True,nan,sale,nan,"APARTMENT OCCUPIED BY PERSON WITHOUT FAIR TITLE THIS PROPERTY DUE TO ITS OCCUPATIONAL STATUS DOES NOT ALLOW VISITS IDEAL FOR INVESTORS Spacious and bright home of 54 m², according to Cadastre, and 4 m² of common elements. The house is distributed in a living-dining room, three bedrooms, two bathrooms, kitchen, hall and terrace. (The distribution of the house is indicative and could not be verified). It is a 3rd floor in a residential block in good condition. Very well connected by road (M-406) and public transport. Five minutes walk from the Leganés Renfe Cercanías station. Close to all types of services and infrastructure such as educational centers (CEIP Lope de Vega), shops, supermarkets, pharmacies, green areas... NO COMMISSION.",False,{'typology': 'flat'},good,1981.0,https://www.idealista.com/inmueble/102951096/,nan,https://img3.idealista.com/blur/WEB_LISTING/0/id.pro.es.image.master/49/b9/3c/1174284428.jpg,Plaza de la Inmaculada no number,False,-3.7714449,Centro,Leganés,3,flat,Descubridores-Escritores,False,nan
1,Madrid,75.0,True,False,"{'subtitle': 'Zarzaquemada, Leganés', 'title': 'Flat in Calle Mayorazgo'}",False,3,False,True,False,34,140073,es,True,159000.0,103631160,40.338355,False,nan,sale,nan,"Exclusive sale with Housell 75 m² apartment in Leganés, province of Madrid. Ideal for families or investors. It is located on the 5th floor with an elevator and has a bright living room, a furnished kitchen equipped with appliances, three bedrooms and a complete bathroom. In addition, the apartment has a terrace, so you can rest outdoors and built-in wardrobes, to optimize your storage space. The property is all exterior, due to its south orientation, it is a very sunny house in the central hours of the day. The house is sold furnished and to be updated. As for the qualities, this apartment has central heating included in the community fee, air conditioning, aluminum exterior carpentry and terrazzo floors. This house is located in a quiet and well-connected area, very close to the metro, bus and train station. For greater comfort, the house is very close to a medical center, a school and all services. h1o4u0s0e7l3l.",False,{'typology': 'flat'},renew,2120.0,https://www.idealista.com/inmueble/103631160/,nan,https://img3.idealista.com/blur/WEB_LISTING/0/id.pro.es.image.master/31/e9/b3/1195481474.jpg,Calle Mayorazgo,False,-3.7515128,Zarzaquemada,Leganés,5,flat,Zarzaquemada,False,nan
2,Madrid,105.0,True,False,"{'subtitle': 'Las Dehesillas-Vereda de los Estudiantes, Leganés', 'title': 'Duplex in Calle la Coruña'}",True,2,False,True,False,21,CADIZ,es,True,220000.0,103840634,40.3194391,False,"{'hasParkingSpace': True, 'isParkingSpaceIncludedInPrice': True}",sale,nan,"The company WE WANT TU CASA, Grupo Hogares con Alma, exclusively SELLS this magnificent and spectacular DUPLEX APARTMENT WITH GARAGE AND STORAGE ROOM in the VEREDA DE LOS ESTUDIATES area. The property has fantastic qualities. The Apartment has 105 m2 distributed in: The main LIVING ROOM is very spacious, with a large window that provides GREAT LUMINOSITY to space. Distributed in two rooms, living area and dining area. The KITCHEN, very spacious with great storage capacity and to work in it. Equipped with oven, hood and ceramic hob. Exit to CLOSED TERRACE. The TWO BEDROOMS, on the upper floor, both very spacious with the capacity to put a double bed, have large windows providing great lighting. Built-in wardrobes fully dressed inside. The BATHROOMS, fully equipped. One with a shower tray and the other with a bathtub with a glass screen in perfect condition. The property has parquet floors, individual natural gas heating, AIR CONDITIONING in several areas of the house. The CLOSING of the apartment is of good quality, insulating cold and heat, with double glazing in all windows. Double ventilation and orientation, providing more light during the day and better temperature in summer. Perfect opportunity to have a home ready to move into with a multitude of possibilities. The quiet environment with all leisure services, supermarkets, bars and restaurants. Close to schools and institutes and supermarkets. The property is located at the foot of bus lines 1-450-468-481-483 and N802. Quick access to the M40, A42 and M50. And the nearest metro stop CASA DEL RELOJ. Buying a home always marks a special moment in people's lives. It is at that moment where realities, dreams and future plans materialize in a home. Think of something nice, think of yourself.",False,"{'typology': 'flat', 'subTypology': 'duplex'}",good,2095.0,https://www.idealista.com/inmueble/103840634/,nan,https://img3.idealista.com/blur/WEB_LISTING/0/id.pro.es.image.master/52/b5/e5/1201842976.jpg,Calle la Coruña,False,-3.753183,Las Dehesillas - Vereda de los Estudiantes,Leganés,3,duplex,Las Dehesillas-Vereda de los Estudiantes,False,nan
2,Madrid,128.0,True,False,"{'subtitle': 'Solagua, Leganés', 'title': 'Penthouse in Calle Sancho Panza'}",False,4,True,True,False,28,LGV264B,es,True,475000.0,103788608,40.3429093,False,"{'hasParkingSpace': True, 'isParkingSpaceIncludedInPrice': True}",sale,nan,"URBAMAR sells this wonderful PENTHOUSE with 2 terraces, the main terrace of 45 m2. The house has 4 bedrooms and 2 bathrooms; It also has 2 parking spaces and a storage room included in the price. We have to highlight the fantastic luminosity, as well as the distribution and spaciousness of the entire home, full of countless details that guarantee well-being and comfort, such as the separate dining room with access to the terrace from where you can contemplate the wonderful views or the master bedroom with en suite bathroom that has access to the terrace, from another of the rooms as well as from the kitchen we also directly access the second terrace. It should be noted that the house has air conditioning through hot-cold ducts, double glazed aluminum windows, smooth paint, wooden floors, individual natural gas heating, a magnificent private urbanization, with swimming pool, children's area and community room. for events Leganés offers all types of services and facilities to its neighbors, with both abundant neighborhood shops and large commercial, sports and leisure areas such as Parquesur shopping center. Solagua is a neighborhood very well connected to the rest of Leganés, a very quiet area and at the same time close to green areas and parks as well as the San Nicasio metro and direct buses to Madrid; exits close to the M40, M45 and R5 At URBAMAR we work to offer our clients the best properties. WE ARE WAITING FOR YOU!",False,"{'typology': 'flat', 'subTypology': 'penthouse'}",good,3711.0,https://www.idealista.com/inmueble/103788608/,nan,https://img3.idealista.com/blur/WEB_LISTING/0/id.pro.es.image.master/24/1c/c2/1200605098.jpg,Calle Sancho Panza,False,-3.7791246,San Nicasio - Campo de Tiro - Solagua,Leganés,5,penthouse,Solagua,False,nan
3,Madrid,214.0,False,False,"{'subtitle': 'Valdepelayo-Montepinos-Arroyo Culebro, Leganés', 'title': 'Terraced house'}",False,4,False,nan,False,47,RP222024123089,es,nan,588000.0,103861876,40.3173453,False,"{'hasParkingSpace': True, 'isParkingSpaceIncludedInPrice': True}",sale,nan,"Nice 3-storey villa. On the main floor we find a large kitchen, full bathroom, beautiful living room with porch and access to the backyard of approximately 45 meters, equipped with barbecue, as well as 1 large bedroom. On the first floor there are the remaining 3 bedrooms, of which the main one has access to a terrace and bathroom, another full bathroom on the floor. The basement is conditioned as a living room, it has a garage with capacity for 2 cars. The area where this fantastic chalet is located is very quiet, surrounded by all the necessary services. You can visit the property without obligation. If you need financing, we offer you a study with our financial department D. Credit, totally free and without any type of commitment.",False,"{'typology': 'chalet', 'subTypology': 'terracedHouse'}",good,2748.0,https://www.idealista.com/inmueble/103861876/,nan,https://img3.idealista.com/blur/WEB_LISTING/0/id.pro.es.image.master/7b/98/7a/1202487830.jpg,subdistrict Valdepelayo-Montepinos-Arroyo Culebro,False,-3.7898468,Valdepelayo - Montepinos - Arroyo Culebro,Leganés,nan,chalet,Valdepelayo-Montepinos-Arroyo Culebro,False,nan
2,Madrid,90.0,True,False,"{'subtitle': 'El Carrascal, Leganés', 'title': 'Duplex in Avenida de Francia, 8'}",False,1,False,True,False,26,3486-05182,es,False,125000.0,101092156,40.3396755,True,nan,sale,nan,"RE / MAX Termes sells LOCAL WITH POSSIBILITY OF CHANGE TO HOUSING. The place is located in a very quiet residential area in front of a parking area, without any building in front that takes away natural light and privacy. The meters of the premises are spread over 2 floors, with the street floor being able to be used as a large living room with an integrated kitchen and a courtesy toilet and, on the second floor, as a rest area, with a dressing room, bathroom and work or office area. It has access from the street and is at the level of the sidewalk, without steps. As we anticipated, it is a premises divided into 2 floors and currently the first or street floor is open-plan, with a toilet and a small storage room. The access to the upper floor is made by a staircase that ascends on the left wall of the premises, contributing to give greater space to the ground floor. On the second floor we find two rooms, separated by a simple partition, a closet and a toilet. It has an interior height of more than 5 meters and a façade of more than 3 meters, with a large showcase and an upper window that favors the entry of natural light and sun into the interior of the two floors. Very close to the area of restaurants, parks and RENFE commuter train (Zarzaquemada) and bus stop for lines 481, 488 and 497.",False,"{'typology': 'flat', 'subTypology': 'duplex'}",renew,1389.0,https://www.idealista.com/inmueble/101092156/,nan,https://img3.idealista.com/blur/WEB_LISTING/0/id.pro.es.image.master/32/fd/fe/1113071846.jpg,"Avenida de Francia, 8",False,-3.7453157,El Carrascal,Leganés,bj,duplex,El Carrascal,False,nan
1,Madrid,52.0,True,False,"{'subtitle': 'Casco Antiguo, Leganés', 'title': 'Flat in Calle San Nicasio'}",False,1,False,True,False,23,52853794,es,False,153425.0,103719317,40.3308575,False,nan,sale,nan,"Opportunity to buy your Apartment! Comfortable apartment located in Leganés, Madrid. The property is distributed in a bedroom, living room, kitchen and a bathroom. Located on the 2nd floor of the building. Located in the heart of Leganés. In its surroundings we find the José Germain Psychiatric Hospital, schools, supermarkets, banks, libraries, pharmacies, post offices, sports centers, several bus stops, the Leganés Central metro station and the Leganés train station. In terms of accessibility, the property has multiple connections and has easy access to M-425.",False,{'typology': 'flat'},good,2950.0,https://www.idealista.com/inmueble/103719317/,nan,https://img3.idealista.com/blur/WEB_LISTING/0/id.pro.es.image.master/9a/42/ed/1202226403.jpg,Calle San Nicasio,False,-3.7671155,Centro,Leganés,bj,flat,Casco Antiguo,False,nan
2,Madrid,130.0,True,False,"{'subtitle': 'Las Dehesillas-Vereda de los Estudiantes, Leganés', 'title': 'Penthouse in Calle Ourense, 34'}",True,3,False,True,False,69,nan,es,True,406000.0,103784742,40.3182023,True,"{'hasParkingSpace': True, 'isParkingSpaceIncludedInPrice': True}",sale,nan,"Campuzano Inmobiliaria sells a wonderful penthouse in Leganés, in Vereda de Los Estudiantes of 110 useful meters with an impressive terrace and unbeatable views. Construction of 2008. The house is distributed in 3 bedrooms, all with built-in wardrobes, 2 bathrooms, a very spacious and furnished kitchen with a very spacious clothesline to put the washing machine and storage, Separate living room with a very large 28m2 terrace with unbeatable and very pleasant views. The house has ducted air conditioning throughout the house, individual gas heating, storage room, garage, swimming pool, children's area and paddle tennis court. South/east orientation, very bright and warm apartment. It is one of the best neighborhoods in Leganés, very quiet, it has all the services such as a health center, commerce, pharmacies very close. And the communication is excellent. Don't let it escape. This may be the home you were looking for. Contact us without obligation. More than 24 years of experience support us and we also serve by WhatsApp.",False,"{'typology': 'flat', 'subTypology': 'penthouse'}",good,3123.0,https://www.idealista.com/inmueble/103784742/,nan,https://img3.idealista.com/blur/WEB_LISTING/0/id.pro.es.image.master/7c/d2/50/1200033028.jpg,"Calle Ourense, 34",False,-3.7565494,Las Dehesillas - Vereda de los Estudiantes,Leganés,4,penthouse,Las Dehesillas-Vereda de los Estudiantes,False,nan
1,Madrid,52.0,True,False,"{'subtitle': 'Casco Antiguo, Leganés', 'title': 'Flat in Calle San Nicasio'}",False,1,True,True,False,31,CCI-001-000040001,es,False,153425.0,96872962,40.3290495,False,nan,sale,"[{'name': 'apartamentoType', 'text': 'Apartment'}]","1 bedroom apartment with 52 meters without elevator, very bright, a few meters from the Carlos III University. Excellent location, with all services nearby. Five minutes from central Leganés commuter train. Call us and find out without obligation. Leganés is a municipality and a Spanish city that is part of the Community of Madrid. It is located within the metropolitan area of Madrid and is located eleven kilometers southwest of the capital. It is located on a plain in the Central Plateau of the Iberian Peninsula, crossed by the Butarque stream, a tributary of the Manzanares River. It limits to the north with the Madrid districts of Carabanchel and La Latina, to the west with Alcorcón, to the east with Getafe and the district of Villaverde, and to the south with Fuenlabrada. Founded in 1280 as Legamar during the reign of Alfonso X el Sabio, years later it adopted the current place name, and in 1345 it was incorporated as a village in the district of Madrid. 2 In 1627 it became a manor town when King Felipe IV created the Marquesate of Leganés, and it remained as such until the feudal privileges were abolished in 1820.",False,{'typology': 'flat'},good,2950.0,https://www.idealista.com/inmueble/96872962/,nan,https://img3.idealista.com/blur/WEB_LISTING/0/id.pro.es.image.master/62/23/9d/959129323.jpg,Calle San Nicasio,False,-3.7648047,Centro,Leganés,2,flat,Casco Antiguo,False,nan
2,Madrid,221.0,True,False,"{'subtitle': 'V Centenario, Leganés', 'title': 'Flat in Calle de los Sefarditas'}",False,4,False,True,False,48,nan,es,True,375000.0,102669491,40.3392918,False,"{'hasParkingSpace': True, 'isParkingSpaceIncludedInPrice': True}",sale,nan,"AUDISAN offers a beautiful ground floor apartment for sale in Leganés. Located in the V Centenario area, very close to the San Nicasio Sur Metro stop, Buses, Pharmacies, Institutes, etc. The house has an area of 123m plus 70m of patio, it is distributed in four large bedrooms with built-in wardrobes, two bathrooms with a shower, one of them en suite, a fitted kitchen with a clothesline, a living-dining room and a 70m private patio. It has individual heating by natural gas. The price of the house includes a 7m storage room and a garage, all in the same block and with access by elevator. The urbanization has large garden areas, a multipurpose tennis court and two swimming pools, one of them for the little ones. It has different accesses with ramps. For more information do not hesitate to contact us! We can help you find the best financing! WE DO NOT CHARGE FEES TO THE BUYER!",False,{'typology': 'flat'},good,1697.0,https://www.idealista.com/inmueble/102669491/,nan,https://img3.idealista.com/blur/WEB_LISTING/0/id.pro.es.image.master/46/fc/34/1163255003.jpg,Calle de los Sefarditas,False,-3.7701258,San Nicasio - Campo de Tiro - Solagua,Leganés,bj,flat,V Centenario,False,nan
4,Madrid,45.0,True,False,"{'subtitle': 'Valdepelayo-Montepinos-Arroyo Culebro, Leganés', 'title': 'Studio apartment in Calle Arquímedes, 4'}",True,0,True,True,False,26,2030300,es,True,160000.0,97852561,40.3122024,True,nan,sale,nan,"Brickbro le ofrece en exclusividad este magnífico estudio/loft en venta ubicado en Valdepelayo-Montepinos / Arroyo Culebro. Rodeado de todo tipo de comercios, lo que lo hace ideal para emprender su negocio en Leganés. En Brickbro contamos con una amplia oferta de este tipo de inmuebles. Le ayudamos a encontrar el que más se adapte a sus necesidades. ¡Contáctenos! Encontramos las mejores opciones de inversión para rentabilizar su dinero. Características básicas -45m² construidos según Catastro -Entrada desde el portal -Distribuida en 2 plantas -3 estancias -4 baños -Aire acondicionado -Calefacción -Cocina -Salida de humos -Terraza de 11m² -Puerta de seguridad -Ascensor -Segunda mano/Buen estado -Año 2009 Estudio/loft situado en cuarta planta con reforma de dos alturas habilitado como dúplex, extendiendo su superficie a 80m². Adicionalmente, honorarios del 4% (IVA no incluido) Sobre nosotros: En Brickbro reinventamos la compraventa de inmuebles mediante nuestra tecnología única en el mercado. Conseguimos transacciones en tiempo récord sin que tengas que preocuparte por nada. Nuestros expertos le tendrán informado en cada paso que demos. Además, conseguimos el mejor precio ya que le damos la opción de revalorizar tu inmueble con un estudio de viabilidad de usos. ¿Necesita más información? ¡Contáctenos sin compromiso!",False,"{'typology': 'flat', 'subTypology': 'studio'}",good,3556.0,https://www.idealista.com/inmueble/97852561/,nan,https://img3.idealista.com/blur/WEB_LISTING/0/id.pro.es.image.master/02/20/7b/992680610.jpg,"Calle Arquímedes, 4",False,-3.8076212,Valdepelayo - Montepinos - Arroyo Culebro,Leganés,4,studio,Valdepelayo-Montepinos-Arroyo Culebro,False,nan
1,Madrid,77.0,False,False,"{'subtitle': 'Zarzaquemada, Leganés', 'title': 'Flat'}",False,3,False,True,False,15,RP222024123094,es,False,161900.0,103862413,40.3397029,False,nan,sale,nan,"Housing in Zarzaquemada! The apartment is exterior and is located on the second floor. The house is oriented towards garden areas and has 3 bedrooms, a large living room with an open terrace, a kitchen with an office and a full bathroom, and stoneware floors. It has a parking space granted by the City Council. The area where it is located has everything you need to live, such as schools, pharmacies, banks, supermarkets, health centers, green areas, parks, etc. Perfectly connected by both private and public transport, Julián Besteiro south metro, C-5 commuter line, Zarzaquemada station. You can enjoy the advantages offered by our financial department D. Credit when processing your mortgage. Do not hesitate! Call, or come to our office, you can visit this or another of the properties in our portfolio.",False,{'typology': 'flat'},good,2103.0,https://www.idealista.com/inmueble/103862413/,nan,https://img3.idealista.com/blur/WEB_LISTING/0/id.pro.es.image.master/69/65/12/1202500846.jpg,subdistrict Zarzaquemada,False,-3.7494097,Zarzaquemada,Leganés,2,flat,Zarzaquemada,False,nan
3,Madrid,112.0,True,False,"{'subtitle': 'Las Dehesillas-Vereda de los Estudiantes, Leganés', 'title': 'Flat in Cadiz'}",True,3,False,True,False,50,LEGA-DUPLEX-119,es,False,224500.0,103810879,40.3230087,False,nan,sale,nan,"TECNOSUR, a real estate agency located in the “El Arroyo” neighborhood of Fuenlabrada, is in charge of the sale of this 113 m2 built home located on Calle Cádiz, in the Vereda de los Estudiantes of Leganés, near the Roof of Leganés. The house has 79m2 useful, 93 m2 built, and in addition a large storage room and an entrance patio must be added as an annex as a common area. The house is located in a building from 1996, located on the 2nd floor WITHOUT ELEVATOR -DUPLEX WITH 3 BEDROOMS AND STORAGE ROOM IN “VEREDA DE LOS ESTUDIANTES”- LEGANES The house is distributed over 2 floors: On the ground floor we have the Distributor Hall, toilet, kitchen with clothesline and a large living room; On the 1st floor we have a hallway, 3 bedrooms (one of them with an en-suite bathroom) and another bathroom. All the bedrooms in the house have built-in wardrobes, in addition to the hall and hallway on the first floor. The 3 bedrooms and the living room have a hot/cold air conditioning pump, less than two years old. For hot water it has Natural Gas (it also has the installation for heating) In terms of qualities, the home has Climalit Type Windows on the ground floor, and in the Velux rooms, Sapelly doors. The kitchen is furnished with Formica furniture., giving access to a large clothesline of almost 4 m2. The 3 bedrooms are spacious, very bright, like the rest of the house Located in La Vereda de Los Estudiantes in Leganés, very close to the La Coverta area, Metro Casa del Reloj, and Parquesur Shopping Center.Surrounded by green and recreational areas, a leisure park is also planned for 2024 in the vicinity of the home. Nearby you can find all kinds of services, shops, supermarkets, several urban and interurban bus lines and easy access to the A42 and M-406 roads, facilitating access to the M50 and M407 roads just a few kilometers away. If you want to see the home, contact us and we will arrange a visit. WE WILL WAIT FOR YOU! Visit without obligation!",False,{'typology': 'flat'},good,2004.0,https://www.idealista.com/inmueble/103810879/,nan,https://img3.idealista.com/blur/WEB_LISTING/0/id.pro.es.image.master/74/31/95/1200896361.jpg,CADIZ,False,-3.7539827,Las Dehesillas - Vereda de los Estudiantes,Leganés,2,flat,Las Dehesillas-Vereda de los Estudiantes,False,nan
1,Madrid,66.0,True,False,"{'subtitle': 'Descubridores-Escritores, Leganés', 'title': 'Flat in fray luis de leon'}",False,3,False,True,False,21,EMI SALVADOR FRAY LUIS,es,False,119900.0,103537296,40.3249303,False,nan,sale,nan,"HOGARES LEGANÉS PLAZA DEL SALVADOR 4 SELLS: Wonderful, very bright home COMPLETELY EXTERIOR facing SOUTH through the living room and EAST through the bedrooms and kitchen. Quiet and safe place that has all the services around it. From the central Leganés RENFE to the health center and the Severo Ochoa Hospital, you will have everything you need just a step away. In addition, the bus lines will allow you to move around the city comfortably. The apartment is distributed in an entrance hall, a fully equipped kitchen, a large living room, three bedrooms, and a full bathroom. At HOGARES, A NEW CONCEPT OF REAL ESTATE, we offer you financing up to 100% with our own financial department (FINANHOGAR). Don't think twice and contact us to visit it!",False,{'typology': 'flat'},good,1817.0,https://www.idealista.com/inmueble/103537296/,nan,https://img3.idealista.com/blur/WEB_LISTING/0/id.pro.es.image.master/db/66/ce/1195418643.jpg,fray luis de leon,False,-3.7675136,Centro,Leganés,3,flat,Descubridores-Escritores,False,nan
4,Madrid,240.0,True,False,"{'subtitle': 'Leganés norte, Leganés', 'title': 'Terraced house'}",False,5,False,nan,False,38,ChaletNorteAlba,es,nan,529900.0,103798062,40.3475596,False,"{'hasParkingSpace': True, 'isParkingSpaceIncludedInPrice': True}",sale,nan,"HOGARES LEGANES offers this spacious semi-detached house located in one of the best areas of the municipality. It is located just 20 minutes from Madrid, with quick access to M-40, and less than 5 minutes from the ParqueSur Shopping Center. It is located close to essential services such as train, pharmacies, supermarkets, schools.. . The property is part of a community of owners with common areas. It has an urbanization with swimming pool and playground. The house is distributed over four floors as follows: On the FIRST FLOOR we find the hall, a bright fully equipped kitchen with a clothesline, a BEDROOM ON THE FLOOR and a FULL BATHROOM. In addition, here is the wonderful living room with direct access to the private plot with pergola and built-in barbecue. From the garden you have direct access to the beautiful common areas. The SECOND FLOOR houses FOUR bedrooms. Three of them are doubles, and two have a private terrace, as well as a full bathroom to service them. The master bedroom has a full en-suite bathroom. On the top floor is the ATTIC, completely open plan and with large windows and wooden ceilings, perfect to adapt to your needs. It also has water and drainage inlets for a future bathroom. On the BASEMENT floor we have a garage for 3 cars, bathroom, wine cellar with bar and laundry. You can also access the plot directly from here. This space is fantastic for celebrations! Don't miss this unique opportunity to acquire your new home in Leganés! DO NOT HESITATE TO REQUEST YOUR VISIT, BETTER SEE! Consult our financial department for 100% FINANCING!",False,"{'typology': 'chalet', 'subTypology': 'terracedHouse'}",good,2208.0,https://www.idealista.com/inmueble/103798062/,nan,https://img3.idealista.com/blur/WEB_LISTING/0/id.pro.es.image.master/c9/c2/fc/1201423053.jpg,subdistrict Leganés norte,False,-3.7438494,Leganés norte,Leganés,nan,chalet,Leganés norte,False,nan
