bathrooms,province,size,hasPlan,topNewDevelopment,suggestedTexts,hasVideo,rooms,has360,exterior,hasStaging,numPhotos,externalReference,country,hasLift,propertyCode,price,latitude,showAddress,parkingSpace,operation,labels,description,newDevelopment,detailedType,status,priceByArea,url,thumbnail,address,has3DTour,longitude,municipality,floor,propertyType,topPlus
1,Madrid,97.0,True,False,{'title': 'Flat'},True,2,True,True,False,72,EG5510,es,True,98908652,139990.0,40.499467,False,"{'hasParkingSpace': True, 'isParkingSpaceIncludedInPrice': True}",sale,nan,"Of course! Living in a quiet environment, surrounded by nature and with spectacular views sounds wonderful. We present you a home that meets all these characteristics. This property has 75.44 m2 built according to the plans. Best of all, it includes a parking space in the patio itself, without the need to go through the portal, which provides comfort and accessibility. In addition, it has a 14.98 m2 storage room ready for use. The house, built in 2008, is distributed efficiently. A corridor separates all the rooms, providing independence and privacy. The living room is equipped with a hot and cold pump and has direct access to the patio, where you can enjoy the impressive views of the Los Santos church. The kitchen is independent and also has access to the patio. There are two bedrooms with fitted wardrobes and a complete bathroom with a bathtub. The qualities of the house are remarkable. The exterior carpentry is made of climalite anthracite aluminum, the interior carpentry is made of oak, the floors are wooden and stoneware, and both the heating and hot water work with natural gas. This location offers the tranquility and quality of life that nearby towns offer, with all the services and amenities at your fingertips. You are less than 9 minutes (10 km) from large shopping areas and 15 minutes from the center of Alcalá de Henares. Also, the bus stop for line 275 is right at your doorstep. Do not hesitate to take advantage of this opportunity to live in an ideal place with all the comforts and services you need. We invite you to visit it and discover everything this property has to offer! If you are interested in knowing the possibilities of obtaining a mortgage for this home or you need to sell your current home to acquire it, do not hesitate to contact us. We will be happy to help you and provide you with a free valuation. Meters of the house verified with the registry and cadastre. Note that this announcement does not establish any type of contractual obligation and may contain inadvertent errors. Its purpose is merely informative and does not create any legal link. We recommend that you check all the relevant details before making any decision. In addition, the sale prices do not include legal taxes or deed expenses. We will be happy to provide you with additional details on these aspects so that you can have a complete picture of the associated costs.",False,{'typology': 'flat'},good,1443.0,https://www.idealista.com/inmueble/98908652/,https://img3.idealista.com/blur/WEB_LISTING/0/id.pro.es.image.master/85/a1/4a/1027365418.jpg,Los Santos de la Humosa,False,-3.258924,Los Santos de la Humosa,2,flat,False
2,Madrid,144.0,True,False,{'title': 'Flat'},False,3,True,True,False,73,EG5866,es,False,102888938,155890.0,40.5009999,False,nan,sale,nan,"Alcalá Inmobiliaria sells a large duplex in Los Santos de la Humosa. This elegant duplex in Los Santos de la Humosa is a true gem. It offers generous space and a smart layout that adapts to your family's needs. Below we present its characteristics: On the ground floor we have a large hall with a built-in wardrobe that gives us access to a large fully equipped kitchen in very good condition with a central island ideal for cooking, socializing and enjoying family and friends. We also have a large clothesline and a large pantry ideal for storing supplies. If we continue on the ground floor we find a spacious and bright independent living room with a balcony, ideal for relaxing and entertaining your guests. The layout of the spaces offers a feeling of spaciousness and very comfortable comfort. The bathroom on this floor has a bathtub and a window to the outside. Everything in perfect condition. On the upper floor we find three spacious and bright rooms, each of them with access to a private balcony that offers us charming views of the entire town. We also have on this floor a large bathroom in perfect condition that ensures that the family has enough space and privacy. The house has stoneware floors, oak doors and tilt-and-turn PVC double glazed windows. We have electric heating. The location of Santos de la Humosa provides a quiet and safe environment, perfect for a relaxed life. In addition to the proximity to all the necessary services such as public transport, just 5 minutes from the A2 and 10 minutes from Alcalá de Henares. Don't miss the opportunity to discover this exceptional duplex in person. Contact us to schedule a showing and fall in love with your new home! Do you need financing? We help you get the mortgage with better conditions totally FREE. Do you have to sell to be able to buy? Call us so we can inform you about everything without any obligation. The meters of the house are contrasted according to cadastre/registry. This announcement is not binding and may contain errors. It is shown for informational purposes and is not contractual. The sales prices do not include legal taxes or deed expenses.",False,{'typology': 'flat'},good,1083.0,https://www.idealista.com/inmueble/102888938/,https://img3.idealista.com/blur/WEB_LISTING/0/id.pro.es.image.master/3b/f0/00/1170742449.jpg,Los Santos de la Humosa,False,-3.2532218,Los Santos de la Humosa,2,flat,False
3,Madrid,105.0,True,False,{'title': 'Terraced house in agustin rodriguez sahagun'},False,3,True,nan,False,67,11377,es,nan,103625691,159000.0,40.5054384,False,nan,sale,nan,"100% FINANCING!. WITHOUT AGENCY COMMISSION and WITHOUT PROVIDING ENDORSEMENTS! WITHOUT entry, ONLY with your payroll and CONTRIBUTING the WRITING expenses! Saints of Humosa. Semi-detached house of 105 m2, IN GOOD CONDITION. Ground Floor: independent furnished kitchen, toilet, large living room with built-in wardrobe and access to terrace, First Floor: 3 bedrooms (2 with built-in wardrobes), balcony in master bedroom, 2 bathrooms (1 incorporated into the master bedroom). Stoneware floor, pine doors, aluminum windows. Parking on plot for 2 cars. Possibility of opening attic. In the bidding period until. WE DO NOT CHARGE YOU A COMMISSION, EITHER for the SALE of the HOUSE OR for the PROCESSING of the LOAN!",False,"{'typology': 'chalet', 'subTypology': 'terracedHouse'}",good,1514.0,https://www.idealista.com/inmueble/103625691/,https://img3.idealista.com/blur/WEB_LISTING/0/id.pro.es.image.master/75/bd/ed/1195319248.jpg,agustin rodriguez sahagun,False,-3.2529113,Los Santos de la Humosa,nan,chalet,False
3,Madrid,169.0,True,False,{'title': 'House in Calle Capitán Francisco Fuentes'},False,3,False,nan,False,82,EG5828,es,nan,102413383,248000.0,40.5078605,False,"{'hasParkingSpace': True, 'isParkingSpaceIncludedInPrice': True}",sale,nan,"Alcalá Inmobiliaria sells spectacular semi-detached house in Santos de la Humosa. The house has an area of 169 meters built on a 250-meter plot and is located in a quiet and residential area. This chalet has a large patio with stamped concrete floors in perfect condition, many plants and trees that are very easy to maintain and a large, fully-equipped porch that makes it the perfect place to enjoy outdoor gatherings surrounded by family and friends. /or friends.The property contains three bedrooms and three full bathrooms. Upon entering the main door, on the right we find a large, spacious and bright independent kitchen, fully equipped.The kitchen leads to an ideal and accessible dining room for the whole family with direct access to the back porch.It also has a very comfortable laundry room as well as plenty of storage space to store any type of utensil. To the left of the entrance, we have a large independent room, very bright and spacious, with a working fireplace, air conditioning and all the comforts available. At the end of the room we have an office equipped to carry out any office work, with a large window and lots of light. If we continue, on the ground floor we also have a completely renovated bathroom with a shower tray. On the first floor of the house we have 3 bedrooms, the main one with built-in wardrobes, air conditioning, an en-suite bathroom and private access to an 18-meter terrace with views of nature.Continuing on the upper floor we find 2 more rooms with enough space for double beds, one of them with a built-in wardrobe. The property is equipped with gas heating and a fireplace, which guarantees a pleasant temperature.In addition, it has a large private garage with capacity for one vehicle and additional storage space. In summary, this semi-detached house for sale is an exceptional property, with unique characteristics and high quality finishes.Do not miss the opportunity to acquire a house in a quiet and residential location, with all the space and comfort you need to live comfortably with your family.Very consolidated area, close to schools, doctor's office, pharmacy, market, etc.Frequent bus to Alcalá de Henares line 275. Meters of the house collected and contrasted according to cadastre/registry. Do you want to know if they grant you the mortgage? We do not charge fees to the buying party This announcement is not binding and may contain errors.It is shown for informational purposes and is not contractual.The sales prices do not include legal taxes or deed expenses. .",False,{'typology': 'chalet'},good,1467.0,https://www.idealista.com/inmueble/102413383/,https://img3.idealista.com/blur/WEB_LISTING/0/id.pro.es.image.master/9e/5b/37/1154835632.jpg,Calle Capitán Francisco Fuentes,False,-3.2869485,Los Santos de la Humosa,nan,chalet,False
1,Madrid,57.0,True,False,{'title': 'Flat in Avenida de Madrid'},False,1,False,True,False,23,137685,es,False,101739321,120000.0,40.502377,False,"{'hasParkingSpace': True, 'isParkingSpaceIncludedInPrice': True}",sale,nan,"Call us and visit this house. 57 m² apartment in Santos de la Humosa (Los), province of Madrid. The house, by space and distribution, is ideal for a family with children. It is located on the ground floor and has a spacious and bright living room, a bedroom, bathroom and a furnished kitchen absolutely independent from the rest of the rooms and equipped with appliances. In addition, the apartment has built-in wardrobes so you can store your things and a garage for greater security. The property is all exterior, due to its east orientation, in this house you will enjoy the sun in the morning. The house is sold furnished and in good condition, ready to move into. As for the qualities, this apartment has electric heating, aluminum carpentry and resistant and easy-to-clean ceramic floors. This house is located in a well connected area, very close to the bus stop. For greater comfort, the house is very close to all the necessary services. h1o3u7s6e8l5l.",False,{'typology': 'flat'},good,2105.0,https://www.idealista.com/inmueble/101739321/,https://img3.idealista.com/blur/WEB_LISTING/0/id.pro.es.image.master/33/fa/fe/1132186518.jpg,Avenida de Madrid,False,-3.2575932,Los Santos de la Humosa,bj,flat,False
2,Madrid,287.0,False,False,{'title': 'Detached house in Calle del Castillejo'},False,4,False,nan,False,30,ES0010124002043,es,nan,102776378,190000.0,40.5035137,False,nan,sale,nan,"Detached house with a plot area extending to approximately 350 s. q. m. and a total built area extending to approximately 240 s. q. m. Ground floor with a living area extending to approximately 126 s. q. m. and a built area extending to approximately 145 s. q. m. , destined mostly to the garage. The plot has a total built area extending to approximately 225 s. q. m. First floor has a living area extending to approximately 118 s. q. m. and a built area extending to approximately 138 s. q. m. , distributed in a hallway, living-dining room, 4 bedrooms, kitchen, 2 bathrooms and a terrace. Refurbishment needed Additional information can be found within the legal section. Make your offer and we will forward it to the vendor. This offer will not be binding until its acceptance and formal presentation. You will find more information in the Terms and Conditions. The property is located in a town of 2,500 inhabitants in the province of Madrid. Just 11 km from Azuqueca de Henares, and 43 km from Madrid with good road access. The property is located in a residential area within the same town, close to a school, nursery, town hall, health centre, green areas, playgrounds, sports complex, etc. Quiet place, although it has all the services, such as supermarkets, shops, hairdressers, restaurants, sports areas, etc. Well communicated by road and good accesses by M-226, A-2 and R-2. Next Steps Click on the “additional link” below the map and it will take you to the property page where you can: Arrange a viewing | Access the legal documents | Make an offer | Contact our team directly We don’t charge commission to the buyer.",False,"{'typology': 'chalet', 'subTypology': 'independantHouse'}",good,662.0,https://www.idealista.com/inmueble/102776378/,https://img3.idealista.com/blur/WEB_LISTING/0/id.pro.es.image.master/a6/67/57/1166920399.jpg,Calle del Castillejo,False,-3.2580262,Los Santos de la Humosa,nan,chalet,False
1,Madrid,72.0,True,False,{'title': 'Village house in Avenida de Madrid'},True,3,False,nan,False,24,PUE0033,es,nan,102820273,110000.0,40.4995872,False,nan,sale,nan,"If what you are looking for is the tranquility of a town, surrounded by nature, with all the services and just 15 minutes from the city, we offer you this town house located in Los Santos de la Humosa. The house is on one of the main streets of the town with great ease of parking and entering and leaving it. It has 72 meters distributed over two floors. In the first, we have the kitchen, a room that is currently used as a living room with a storage room, and the bathroom with a shower. In the second, two more bedrooms and the living room with a balcony and views of the front patio. The house is from 1962 but during these years renovations and improvements have been made Thanks to this, you can purchase a home to move into for this very attractive price. This location offers the tranquility and quality of life that nearby towns provide, with all the services and amenities at your fingertips. You are less than 9 minutes (10 km) from large commercial areas and 15 minutes from the center of Alcalá de Henares. In addition, the bus stop for line 275 is right at your doorstep. Do not hesitate to take advantage of this opportunity to live in an ideal place with all the comforts and services you need. We invite you to visit it and discover everything this property has to offer! Los Santos de la Humosa is a Spanish municipality in the province and Community of Madrid. It is located in the east of the province, in the so-called Alcarria de Alcalá, a natural region located between the Henares and Tajuña rivers. It has 2,751 inhabitants (INE 2022), an area of 34.9 km² and a population density of 71.23 inhabitants/km². In Los Santos de la Humosa there is 1 nursery school (1 public) and 1 public nursery and primary school. [IW].",False,"{'typology': 'countryHouse', 'subTypology': 'casaDePueblo'}",good,1528.0,https://www.idealista.com/inmueble/102820273/,https://img3.idealista.com/blur/WEB_LISTING/0/id.pro.es.image.master/bf/9a/c1/1168424517.jpg,Avenida de Madrid,False,-3.2576255,Los Santos de la Humosa,nan,countryHouse,False
4,Madrid,497.0,False,False,{'title': 'Detached house'},True,6,True,nan,False,29,W-02ROQ5,es,nan,100874821,549000.0,40.4963046,False,"{'hasParkingSpace': True, 'isParkingSpaceIncludedInPrice': True}",sale,"[{'name': 'villaType', 'text': 'Villa'}]","Magnificent designer home in Santos de Humos Engel & Völkers invites you to visit this exclusive villa in Los Santos de la Humosa. It is a magnificent house of 497m² built with large open spaces and swimming pool. Distributed on two main floors and open plan first floor: the main floor with large hall and a living room differentiated into 2 rooms, with access to the porch and private garden. It has a beautiful designer kitchen with island, large windows and porch plus 1 bathroom and 2 bedrooms. On the second floor there are 3 spacious bedrooms with 2 bathrooms and a magnificent master bedroom with en suite bathroom, dressing room and terrace. The first floor houses a large open space for different environments with windows and access door to the pool and a large garage for 2 cars. The house also has a spectacular pool and garden area with a fantastic porch ideal for events. It is an exclusive home with modern finishes and special attention to detail and security. Located in an area with the best views of Los Santos de los Santos de la Humosa, it is a house that meets all the requirements for lovers of comfort, design and open spaces. Los Santos de la Humosa is the highest municipality in the Corredor del Henares. It is located east of the Community of Madrid and has 2,542 inhabitants, an area of 34.9 km². It is 10 minutes from Alcalá de Henares and 15 minutes from Guadalajara. Located just over 30 minutes from Madrid and with very easy access, it will surprise and captivate you with its nature, its spectacular panoramic views and viewpoints, and its valuable heritage. Los Santos is known as the Balcony of the Henares Valley. From this municipality there are numerous hiking and cycling trails, which run through natural sites of great value. You will enjoy unique panoramic views. 10 minutes from Alcalá de Henares where it has several shopping and leisure centers such as El Corte Inglés, Cuadernillos and Alcampo. As for health centers both the Prince of Asturias Hospital and the Francisco Diaz Specialty Center are a few kilometers away. In the surroundings the area offers several educational centers both public and private and kindergarten.",False,"{'typology': 'chalet', 'subTypology': 'independantHouse'}",good,1105.0,https://www.idealista.com/inmueble/100874821/,https://img3.idealista.com/blur/WEB_LISTING/0/id.pro.es.image.master/ab/d3/60/1149754204.jpg,Los Santos de la Humosa,False,-3.2541206,Los Santos de la Humosa,nan,chalet,False
3,Madrid,105.0,True,False,{'title': 'Semi-detached house in Calle Agustín Rodríguez Sahagún'},True,3,False,nan,False,49,8301,es,nan,103628173,159000.0,40.5043762,False,nan,sale,nan,"HMinmobiliaria offers CHALET 100% FINANCING! NO ENTRY! TWO floors with the possibility of enabling the attic in Los Santos de Hurmosa! 100% FINANCING! NO ENTRY! NO COMMISSIONS! WITHOUT GUARANTEE! Only with your INCOME and writing expenses! Nothing else! 8301 TWO-storey semi-detached house with the possibility of enabling the attic. PT. GROUND: Toilet, separate fitted kitchen, large living room with access to the terrace. PT. UPPER: 3 bedrooms (the main one en suite and with a balcony) and bathroom. Good option as a FIRST HOME. If you work in the Henares Corridor this is a good option to live in a chalet with 100%! Financing! Very well connected with public transport buses from Avda. America and from Alcala de Henares! With your INCOME, WITHOUT GUARANTEES! 100% FINANCING! you can have your home in PROPERTY. You only have to cover the writing costs and the bank will finance the rest up to 100% of the purchase value. Each client is UNIQUE, each Purchase is UNIQUE, each Home is UNIQUE. In bidding process! 100%! Financing! NO ENTRY! NO COMMISSIONS, NEITHER for the SALE, NEITHER for the PROCESSING of the sale OR of the loan! Only with YOUR INCOME and writing expenses! Nothing else! HMInmobiliaria has been turning dreams into homes since 1989!",False,"{'typology': 'chalet', 'subTypology': 'semidetachedHouse'}",good,1514.0,https://www.idealista.com/inmueble/103628173/,https://img3.idealista.com/blur/WEB_LISTING/0/id.pro.es.image.master/ce/65/82/1195793748.jpg,Calle Agustín Rodríguez Sahagún,False,-3.2537214,Los Santos de la Humosa,nan,chalet,False
3,Madrid,119.0,False,False,{'title': 'Semi-detached house'},False,4,False,nan,False,71,EG5788,es,nan,102027648,259000.0,40.5044244,False,"{'hasParkingSpace': True, 'isParkingSpaceIncludedInPrice': True}",sale,nan,"This semi-detached house in Los Santos de la Humosa, a town with a picturesque landscape, next to the A2, with basic services for day to day life and just 10 minutes from large cities such as Alcalá de Henares, Azuqueca de Henares or Guadalajara, is presented as a unique opportunity for those families looking for a spacious and cozy place to call home.  Once you walk through the door, you will be enveloped in an atmosphere of comfort and spaciousness that will conquer you instantly. Completely renovated in 2016, it is distributed over three floors, offering ample space for comfortable living. Upon entering, you will find a hall/hallway that will guide you to the different areas of the house.The ground floor has a large living room with direct access to the patio, providing a bright and cozy atmosphere to enjoy with the family.The independent kitchen is fully furnished and equipped with basic appliances (extractor hood, oven and ceramic hob).In addition, on this floor, we also have a full bathroom with a shower and a pantry, which provides additional storage space. On the first floor there are three large bedrooms, one of them with a built-in wardrobe for optimal storage.The master bedroom has been completely renovated adding the terrace, which has been converted into a magnificent dressing room with a double built-in wardrobe.This renovation has provided much more spaciousness to the room and a second window has been added, which increases the light and space.On this same floor there are two bathrooms, one of them en suite with a hydromassage bathtub, towel radiator and exterior. The renovation also included the installation of the staircase and the opening of the attic, which has been completely renovated and is currently used as a fourth bedroom.The attic has two large closets/storage rooms fully finished under the roof and has paved glass on the staircase, thus taking advantage of all the clarity and luminosity. Outside, the property has a magnificent L-shaped fully paved patio, with automatic door and space for two/three cars.In addition, you will find a spectacular porch with an awning, ideal for enjoying the outdoors at any time of the year.The main door has an aluminum enclosure that provides security and style. The qualities of the home are excellent, with parquet and porcelain stoneware floors, oak interior carpentry, folding PVC exterior carpentry with double Climalite glazing, bars and mosquito nets.The natural gas boiler was replaced in 2023 to provide efficient heating and hot water. The house is located next to the school, municipal swimming pool and its impressive viewpoint, within a quiet and familiar environment, 7km from the A-2, it has a bus line to Alcalá de Henares (275) In summary, this renovated semi-detached house in Los Santos de la Humosa offers a modern, comfortable and bright space on three floors, with a large and equipped patio.Its quality finishes and functional distribution make it an ideal place to enjoy with the family and create unforgettable memories. Los Santos de la Humosa is a quiet and picturesque municipality that offers a rural and natural environment, being an attractive option for those looking to get away from the hustle and bustle of the city and enjoy a more relaxed lifestyle. Meters of the home verified with cadastre/registry. This announcement is not binding and may contain errors.It is presented for informational purposes and is not contractual in nature. The sales prices do not include legal taxes or deed expenses..",False,"{'typology': 'chalet', 'subTypology': 'semidetachedHouse'}",good,2176.0,https://www.idealista.com/inmueble/102027648/,https://img3.idealista.com/blur/WEB_LISTING/0/id.pro.es.image.master/8c/9b/59/1141764922.jpg,Los Santos de la Humosa,True,-3.2524957,Los Santos de la Humosa,nan,chalet,False
3,Madrid,195.0,False,False,{'title': 'House'},False,4,False,nan,False,69,EG5840,es,nan,102573246,176260.0,40.5043108,False,"{'hasParkingSpace': True, 'isParkingSpaceIncludedInPrice': True}",sale,nan,"Alcalá Inmobiliaria sells a wonderful charming rustic villa of 195 m2 built (according to cadastre) in the center of Los Santos de la Humosa, 15 minutes from Alcalá de Henares. It is distributed over 2 floors + garage. On the ground floor, we find a very bright living-dining room with a rustic feel, stone-lined walls and wooden beams with two rooms to eat and enjoy with the family, a toilet, an independent kitchen furnished with basic appliances (oven and ceramic hob) and a single room. On the first floor: 2 bedrooms, a full bathroom with a bathtub and the master bedroom with an integrated dressing room. From this floor you have access to a large outdoor terrace with unbeatable views for family or friends events. In the basement: Large open-plan room with built-in wardrobes along the entire wall, full bathroom with shower, laundry and ironing room with entrance to a wonderful patio finished in wood and with access to the garage. Heating and hot water with electric water heater, windows with wood-colored double glazed aluminum, wooden blinds, bars, built-in wardrobes and stoneware floors. Very well connected from the A-2 and with easy access via the M-226 highway. An ideal place to live with all the tranquility and quality of life that these towns provide with all the comforts and services: no more than 9 minutes (10Km) from large commercial areas and with the bus stop (line 275). Do you want to know if they grant you the mortgage? Do you have to sell your house to buy this one? Call us and we will inform you about everything for free. Meters of the house collected and contrasted according to cadastre/registry. This announcement is not binding and may contain errors. It is shown for informational purposes and is not contractual. The sales prices do not include legal taxes or deed expenses..",False,{'typology': 'chalet'},good,904.0,https://www.idealista.com/inmueble/102573246/,https://img3.idealista.com/blur/WEB_LISTING/0/id.pro.es.image.master/57/14/eb/1160035861.jpg,Los Santos de la Humosa,False,-3.2549132,Los Santos de la Humosa,nan,chalet,False
3,Madrid,214.0,False,False,{'title': 'House'},False,5,False,nan,False,78,EG5920,es,nan,103522847,279990.0,40.5034377,False,"{'hasParkingSpace': True, 'isParkingSpaceIncludedInPrice': True}",sale,nan,"We are pleased to present you this exclusive opportunity to acquire a wonderful house for sale in the town of Los Santos de la Humosa. With 5 rooms, 170 useful meters and 214 built meters, this property is positioned as an ideal option for those looking for spaciousness and comfort in a quiet environment. Located in a building built in 2006, this house offers a perfect layout to make the most of every corner and guarantee a practical and functional lifestyle. In addition, it has a spacious garage that provides comfort and security for your vehicle. We cannot overlook the storage room included in this property, allowing you to store your belongings in an organized and efficient manner. Furthermore, another notable aspect of this house is the sewage system, which guarantees proper waste management. But that is not all. This house has a garden area, a perfect space to enjoy the outdoors and outdoor activities. Imagine family gatherings or simply relaxing in a peaceful and green environment, right at your doorstep. In short, this impressive house in Los Santos de la Humosa is not only spacious and comfortable, but also offers a series of amenities and services that will surely exceed your expectations. Don't miss the opportunity to visit this property and experience first-hand all the advantages it can offer you. Feel free to contact us to schedule a visit. We are sure that you will fall in love with every corner of this house and will not be able to resist making it yours. Don't wait any longer and get this exceptional property! The meters of the house are contrasted according to cadastre/registry. This announcement is not binding and may contain errors. It is shown for informational purposes and is not contractual. The sales prices do not include legal taxes or deed expenses..",False,{'typology': 'chalet'},good,1308.0,https://www.idealista.com/inmueble/103522847/,https://img3.idealista.com/blur/WEB_LISTING/0/id.pro.es.image.master/bd/09/92/1192178487.jpg,Los Santos de la Humosa,False,-3.2520889,Los Santos de la Humosa,nan,chalet,False
3,Madrid,145.0,False,False,{'title': 'House'},False,3,False,nan,False,72,EG5766,es,nan,101697466,215000.0,40.5058522,False,nan,sale,nan,"Alcalá real estate is pleased to be able to offer you this magnificent semi-detached house in the Miramadrid urbanization of Los Santos de la Humosa, a town with a picturesque landscape, next to the A2, with basic services for day to day and just 10 minutes from large cities. such as Alcalá de Henares, Azuqueca de Henares or Guadalajara. The house consists of two floors plus an attic, distributed in 145 m2 built on a 150 m2 plot. On the ground floor we have a hall that gives us access to all the rooms on this floor, a spacious living room (to which a room was added to expand it) with double air conditioning and direct access to the patio, an independent kitchen furnished and equipped with a hood oven and vitro, bathroom with shower and a storage room under stairs.   On the first floor we have 2 large bedrooms and a bathroom with a shower to serve these two rooms, and the master bedroom with a terrace and an en-suite bathroom, with a window and a bathtub.   Open-plan attic currently used as a gym, with the entire basement covered with built-in wardrobes, a large window to provide it with great light, which gives us the opportunity to have a fourth bedroom or a second living room.   Housing qualities: Porcelain and wooden floors, heating and hot water by natural gas, cherry interior carpentry, climalit aluminum exterior carpentry, bars, exterior flooring with rustic stoneware, smooth walls. The house is located next to the school and the municipal swimming pool, in a quiet and familiar environment, 7km from the A-2, bus line to Alcalá de Henares (275). An ideal place to live with all the tranquility and quality of life that these towns provide with all the comforts and services no more than 9 minutes (10Km) from large shopping areas and 15 minutes from the center of Alcalá de Henares. Do you want to know if they grant you the mortgage? Do you have to sell the house to buy this one? Call me and we will give you a free assessment. Meters verified according to registration and cadastre. This announcement is not binding and may contain errors. It is shown for informational purposes and is not contractual. The sales prices do not include legal taxes or deed expenses..",False,{'typology': 'chalet'},good,1483.0,https://www.idealista.com/inmueble/101697466/,https://img3.idealista.com/blur/WEB_LISTING/0/id.pro.es.image.master/61/a8/73/1130783277.jpg,Los Santos de la Humosa,False,-3.2509893,Los Santos de la Humosa,nan,chalet,False
3,Madrid,190.0,True,False,{'title': 'Semi-detached house'},True,5,False,nan,False,100,589742,es,nan,103241178,274900.0,40.5043518,False,nan,sale,nan,"Do you want to live in an unparalleled natural environment 15 minutes from Alcalá de Henares but with all the comforts? This corner semi-detached house is what you were looking for! Come and enjoy a spacious chalet with 5 bedrooms, living room with fireplace (system to heat the entire house), large kitchen with room for a table, 1 bedroom on the ground floor with bathroom and 4 double bedrooms on the first floor. In addition, your children will be able to enjoy a glazed terrace adapted for a play area or an office for teleworking. If all this seems not enough, an entire attic could be expanded, which is prepared to simply enable a staircase and enjoy another 30 meters more. And if this were not enough, you can save a lot on heating due to the system through the chimney that distributes heat throughout the house and the additional insulation materials that have been installed, making this home the most efficient you can find. Thanks to the privileged location of this chalet within the town, you will have the school 1 minute away and the pool 5 minutes walk away. The bus, health center, town activity center and pharmacy are very close and a short walk away. Furniture is not included in the price. It also does not include notary, registration and tax expenses.",False,"{'typology': 'chalet', 'subTypology': 'semidetachedHouse'}",good,1447.0,https://www.idealista.com/inmueble/103241178/,https://img3.idealista.com/blur/WEB_LISTING/0/id.pro.es.image.master/b1/6d/66/1196661911.jpg,Los Santos de la Humosa,False,-3.2539833,Los Santos de la Humosa,nan,chalet,False
3,Madrid,166.0,True,False,{'title': 'House'},False,4,False,nan,False,38,C0026-02098,es,nan,103250321,210000.0,40.5062147,False,nan,sale,nan,"Don't miss the opportunity to acquire your own home in Los Santos de la Humosa! This charming 3-bedroom chalet offers you the perfect balance between comfort and lifestyle.Let me take you on a virtual tour of this property. With a good distribution, this chalet stands out for its 3 large bedrooms, offering a cozy space for the whole family.The loft adds versatility to the property, ideal to suit your needs, whether as a home office, games room or even an additional fourth bedroom. The 3 full bathrooms ensure there are never any waits or inconveniences during busy mornings.The independent kitchen is a functional space. The large outdoor storage room is perfect for storing everything you need without sacrificing living space.Imagine organizing your belongings efficiently, keeping your home always tidy and clear. The living room, with direct access to a charming patio, becomes the heart of the house.This open space is perfect for entertaining family and friends.Originally the house had a room on the ground floor that has been given to the living room, but if necessary it could be relocated. In addition, the property has an outdoor parking space, giving you the comfort of always having your vehicle close and safe. Don't hesitate to visit it, you'll like it!",False,{'typology': 'chalet'},good,1265.0,https://www.idealista.com/inmueble/103250321/,https://img3.idealista.com/blur/WEB_LISTING/0/id.pro.es.image.master/3d/d3/61/1183310719.jpg,Los Santos de la Humosa,False,-3.2511317,Los Santos de la Humosa,nan,chalet,False
1,Madrid,155.0,False,False,{'title': 'Detached house in Molino del Viento'},False,4,False,nan,False,47,Chalet Molino del Viento,es,nan,103654636,189900.0,40.4986009,False,"{'hasParkingSpace': True, 'isParkingSpaceIncludedInPrice': True}",sale,nan,"TECNOCASA POZO DE GUADALAJARA REAL ESTATE AGENCY FOR SALE: INDEPENDENT VILLA with a 500 m2 plot in the municipality of LOS SANTOS DE LA HUMOSA (MADRID). It stands out for its large plot, its tranquility and, above all, its spectacular views from the terrace. The house has one floor and is distributed in 4 large bedrooms, a very bright furnished kitchen, a full bathroom, a living room with a wood-burning fireplace and a pleasant terrace. The house has a garage-storage of about 65 m2 where the brand new pellet boiler is located (without installing the radiators and tuning). Don't hesitate to come see it because it may be what you are looking for, 15 minutes from Alcalá de Henares. We also remind you that we help you with home financing thanks to our financial department KIRON. For more information call us or stop by our office located at PLAZA MAYOR 5 LOCAL 2 - POZO DE GUADALAJARA.",False,"{'typology': 'chalet', 'subTypology': 'independantHouse'}",good,1225.0,https://www.idealista.com/inmueble/103654636/,https://img3.idealista.com/blur/WEB_LISTING/0/id.pro.es.image.master/2a/32/f9/1196164036.jpg,Molino del Viento,False,-3.2544383,Los Santos de la Humosa,nan,chalet,False
3,Madrid,120.0,True,False,{'title': 'Semi-detached house'},False,3,True,nan,False,33,EX03840,es,nan,102508706,244000.0,40.503816,False,nan,sale,nan,"EXCLUSIVE ALCALA INMOBILIARIA, presents this magnificent semi-detached house in Los Santos de la Humosa. The property is distributed in a bright living/dining room, separate kitchen and toilet. From the living room we have access stairs to the first floor, where we have 3 bedrooms, two of them single and one double/double with bathroom, with a spacious shower. Another independent bathroom with a shower, and in the attic a room for any activity from bedroom, game room, gym, etc. , has an exterior window. Around the house there is a paved space for the family to enjoy, where a table and chairs could be placed. It has a barbecue. Parking is inside the plot. Do not hesitate to contact us to request information and visit the property. EXCLUSIVAS ALCALA, with extensive experience of more than 25 years, will accompany you throughout the entire purchase and sale process, we are API, we have a Legal and Financial department. This announcement is not binding and may contain errors. It is shown for informational purposes and is not contractual. The sales prices do not include legal taxes or deed expenses.",False,"{'typology': 'chalet', 'subTypology': 'semidetachedHouse'}",good,2033.0,https://www.idealista.com/inmueble/102508706/,https://img3.idealista.com/blur/WEB_LISTING/0/id.pro.es.image.master/f4/2a/25/1194746420.jpg,Los Santos de la Humosa,False,-3.2491924,Los Santos de la Humosa,nan,chalet,False
3,Madrid,145.0,True,False,{'title': 'Semi-detached house'},False,4,True,nan,False,39,EX03865,es,nan,102953711,247100.0,40.5054386,False,nan,sale,nan,"Exclusivas Alcalá has a magnificent semi-detached house for sale in Los Santos de la Humosa. The house is distributed over two floors plus an attic, distributed in 145 m2 built on a 169 m2 plot. It has a double entrance door (one glass). On the ground floor, we have a hall that gives access to the rooms on this floor, a large living room with fireplace and air conditioning, with direct access to the patio, a separate furnished kitchen, a bathroom with a shower, and a bedroom. On the first floor, we have two large bedrooms and a bathroom with a shower to serve these two rooms, and the master bedroom with a terrace and an en-suite bathroom, with a bathtub and an exterior window. Open-plan attic, with stoneware floor, large window to give it great light, giving us the ease of having a bedroom or a living room, it has air conditioning. Features of the home: Porcelain floor and flooring, . Heating and hot water natural gas. The fireplace has a system of ducts to bring heat to the rooms. Wooden carpentry, aluminum / climalit exterior carpentry, mosquito nets, exterior flooring with stoneware. It has Solar Panels. Thanks to the Chimney and the Solar Panels, the house has low electricity consumption. An ideal place to live, with all the tranquility and quality of life that these towns in the Henares Corridor provide. Los Santos de la Humosa has Parks, CEIP los Santos School, BaoBab Nursery School. Citizen Security (Local Police, Civil Protection), Lighting. Close to the A2, with basic services for everyday life, 15 minutes from large urban centers such as Alcalá de Henares, Azuqueca de Henares or Guadalajara. At a distance of 7km from the A-2, bus line to Alcalá de Henares (275). Exclusivas Alcalá with extensive experience, will accompany you in the purchase and sale process, we have a Financial and Legal Department. We are API. This announcement is not binding and may contain errors. It is shown for informational purposes and is not contractual. The sales prices do not include legal taxes or deed expenses.",False,"{'typology': 'chalet', 'subTypology': 'semidetachedHouse'}",good,1704.0,https://www.idealista.com/inmueble/102953711/,https://img3.idealista.com/blur/WEB_LISTING/0/id.pro.es.image.master/a0/2c/dc/1184592589.jpg,Los Santos de la Humosa,False,-3.252103,Los Santos de la Humosa,nan,chalet,False
3,Madrid,207.0,False,False,{'title': 'Semi-detached house in Paseo de la Visera'},False,5,False,nan,False,59,Paseo Visera,es,nan,103713461,299000.0,40.5046908,False,"{'hasParkingSpace': True, 'isParkingSpaceIncludedInPrice': True}",sale,nan,"TECNOCASA POZO DE GUADALAJARA REAL ESTATE AGENCY FOR SALE: EXCLUSIVE SEMI-DETACHED VILLA with 3 floors plus basement in the municipality of LOS SANTOS DE LA HUMOSA (MADRID). The house stands out for its large patio that is very bright and sunny all day long and its spectacular basement, part of which is used as a living room (which can be used as a garage) and another part for storage and a gym. We enter the house and on the ground floor we find a beautiful hall, a large furnished kitchen with a dining area, a large living room with a wood-burning fireplace, a study room and a toilet. On the first floor, there are 3 large bedrooms and 2 full bathrooms. The master bedroom is spectacular with a large dressing room and bathroom. On the top floor there is the fully equipped attic. The chalet stands out for its excellent state of conservation, its quality materials, large plot and being in a quiet urbanization near the school, parks and green areas. Do not hesitate to come see it because it may be what you are looking for, since it is an exclusive villa different from the rest of the same urbanization. We also remind you that we help you with home financing thanks to our financial department KIRON. For more information call us or stop by our office located at PLAZA MAYOR 5 LOCAL 2 - POZO DE GUADALAJARA.",False,"{'typology': 'chalet', 'subTypology': 'semidetachedHouse'}",good,1444.0,https://www.idealista.com/inmueble/103713461/,https://img3.idealista.com/blur/WEB_LISTING/0/id.pro.es.image.master/96/8d/aa/1197913608.jpg,Paseo de la Visera,False,-3.2536424,Los Santos de la Humosa,nan,chalet,False
3,Madrid,93.0,True,False,{'title': 'Terraced house'},False,3,True,nan,False,41,EX03885,es,nan,103272718,217402.0,40.5019827,False,nan,sale,nan,"Exclusivas Alcalá presents a Townhouse in Los Santos de la Humosa with the following characteristics: on the ground floor, entrance hall with a large living room with pellet stove, independent equipped kitchen, toilet, winter patio, versatile room for various uses, backyard with shed and wood-burning oven. First floor: three bedrooms with two bathrooms, one of them en suite. Basement. Double glazed windows. Ground floor with bars. On an area of approximately 162m2. of land and 96m2 built. It is in good condition, ready to move into. Exclusivas Alcalá has its own legal and financial department. Do not hesitate to contact us. This announcement is not binding and may contain errors. It is shown for informational purposes and is not contractual. The sales prices do not include legal taxes or deed expenses.",False,"{'typology': 'chalet', 'subTypology': 'terracedHouse'}",good,2338.0,https://www.idealista.com/inmueble/103272718/,https://img3.idealista.com/blur/WEB_LISTING/0/id.pro.es.image.master/f3/a1/3a/1195597853.jpg,Los Santos de la Humosa,False,-3.2507502,Los Santos de la Humosa,nan,chalet,False
2,Madrid,103.0,False,False,{'title': 'Detached house in Calle Agustin Rodriguez Sahagŭn'},False,3,False,nan,False,10,05455,es,nan,103632232,159000.0,40.5025542,False,nan,sale,nan,"Incredible opportunity to acquire a beautiful apartment for sale in Santos de la Humosa, Los, Madrid! This charming property has 3 bedrooms and 2 bathrooms, distributed over 2 floors, perfect for a family looking for comfort and space. Built in 2006, this apartment offers all the modern comforts you need. The property has piped gas (city gas), which guarantees a continuous and safe supply. In addition, it has energy certification, with a consumption rating of E and a consumption value of 263.71 kwh/m2 year, as well as an emissions rating of E and an emissions value of 55.27 kgrCO2/m2 year. The date of issue of the certification is on and the expiration date is on. With a useful area of 88.97 m2 and a constructed area of 103.21 m2, this apartment offers more than enough space for all your needs. Also, don't worry about the summer heat as it is energy efficient, with a rating of 55.27 E 263.71 E. It does not have an elevator, but this will not be a problem for those looking for a cozy home without architectural barriers. Don't miss the opportunity to acquire this wonderful apartment for only €159,000. Call us now and schedule a visit to see your next home!",False,"{'typology': 'chalet', 'subTypology': 'independantHouse'}",good,1544.0,https://www.idealista.com/inmueble/103632232/,https://img3.idealista.com/blur/WEB_LISTING/0/id.pro.es.image.master/18/46/d5/1195516937.jpg,Calle Agustin Rodriguez Sahagŭn,False,-3.2504326,Los Santos de la Humosa,nan,chalet,False
1,Madrid,81.0,False,False,{'title': 'Penthouse in Avenida de Madrid'},False,2,False,True,False,24,1381-MC236,es,False,101593663,120000.0,40.502678,False,"{'hasParkingSpace': True, 'isParkingSpaceIncludedInPrice': True}",sale,nan,"Cornejo Inmuebles offers a penthouse in the center of Los Santos de la Humosa, on Calle Mayor. The apartment is located on the second floor, it has 2 bedrooms, 1 full bathroom, equipped kitchen with appliances and living room with access to terrace. The apartment has PVC and Velux windows in the bedrooms and kitchen and heating by low-consumption radiators. The house has a 20 m2 storage room and a 15 m2 garage space. Penthouse in Centro, with 81 m² built, 73 m² useful, 2 bedrooms, 1 bathrooms, 1 garage/s, good condition, exterior, floor 2, 3 closets, 1 terrace(s), 8 m² terrace, kitchen with appliances, storage room, south facing, between 10 and 15 years old, 2 floors of the building individual heating, electric fuel, individual hot water, electric water energy, stoneware floor. Building from 2009. With excellent views of the town. In high area.",False,"{'typology': 'flat', 'subTypology': 'penthouse'}",good,1481.0,https://www.idealista.com/inmueble/101593663/,https://img3.idealista.com/blur/WEB_LISTING/0/id.pro.es.image.master/91/d8/31/1195160028.jpg,Avenida de Madrid,False,-3.2562659,Los Santos de la Humosa,2,penthouse,False
1,Madrid,62.0,False,False,{'title': 'Flat'},False,1,False,True,False,21,GPA-19017,es,False,102773654,105000.0,40.5031944,False,nan,sale,nan,"GPA-19017 Welcome to this wonderful residence located in a beautiful town in the Community of Madrid. The compact kitchen has been designed with a smart layout, the space has been created to maximize storage without sacrificing workspace. The spacious living-dining room, with high ceilings that give the house spaciousness and an ideal distribution, is the heart of the home. It has two large windows that provide abundant natural light during the day and offer pleasant views of the surroundings. The bedroom is spacious, its walls painted in soft tones and the natural light that illuminates the room during the day provides tranquility and creates a cozy and relaxing space to rest. A large built-in wardrobe offers you excellent storage capacity. The bathroom stands out for its modern and elegant design. In addition, it is not only aesthetically attractive, it also offers functionality and comfort for residents. This home in Los Santos de la Humosa is the perfect option for those who want to enjoy of a quiet lifestyle in a natural environment, surrounded by lush vegetation and beautiful landscapes. About us: GEPPCO is a Real Estate Agency that offers sellers and buyers all the necessary services so that they can turn their dream into a reality. To do this, you will have high-level advice and management with extensive experience of more than 25 years and a multidisciplinary team in the sectors: Financial, Real Estate and Legal.",False,{'typology': 'flat'},good,1694.0,https://www.idealista.com/inmueble/102773654/,https://img3.idealista.com/blur/WEB_LISTING/0/id.pro.es.image.master/76/23/c9/1166831609.jpg,Los Santos de la Humosa,False,-3.256526,Los Santos de la Humosa,1,flat,False
3,Madrid,120.0,False,False,{'title': 'Detached house'},False,2,False,nan,False,24,GPF-18801,es,nan,99713821,145000.0,40.5031806,False,"{'hasParkingSpace': True, 'isParkingSpaceIncludedInPrice': True}",sale,nan,"GPF-18801 Single-family house for sale in Santos de la Humosa (Madrid) 120 m2 house distributed in a spacious 22 m2 living-dining room, kitchen, 2 bedrooms, 3 bathrooms and a wonderful terrace. It has natural gas heating, stoneware floors, climalit windows, built-in wardrobes. THIS PROPERTY IS SOLD WITH THE CONDITION THAT THE SELLER RENTS FOR 3 YEARS PAYING €500/MONTH. About us: GEPPCO is a Real Estate Agency that offers both the owner and the buyer all the necessary services so that they can turn their dream into a reality and for this throughout the process you will have high-level advice and management with extensive experience of more than 25 years and everything a multidisciplinary team in the sector: Financial, Real Estate and Legal. For more information, visit us at GPF-18801.",False,"{'typology': 'chalet', 'subTypology': 'independantHouse'}",good,1208.0,https://www.idealista.com/inmueble/99713821/,https://img3.idealista.com/blur/WEB_LISTING/0/id.pro.es.image.master/96/3c/63/1052163896.jpg,Los Santos de la Humosa,False,-3.2520276,Los Santos de la Humosa,nan,chalet,False
1,Madrid,58.0,False,False,{'title': 'Penthouse in Calle Mayor'},False,2,False,True,False,17,TAI-001-003,es,True,102808464,99000.0,40.5007969,False,"{'hasParkingSpace': True, 'isParkingSpaceIncludedInPrice': True}",sale,nan,"FANTASTIC OPPORTUNITY! PENTHOUSE WITH TWO STORAGE ROOMS AND GARAGE Penthouse for sale in the heart of Los Santos de la Humosa. Magnificent exterior penthouse home with south orientation and lots of light. It consists of two bedrooms, a living room with an open kitchen and a terrace with incredible views of the municipality and the surrounding area. The house is located on the fifth floor with an elevator and has a garage and 2 huge storage rooms included in the price. The master bedroom has a large built-in wardrobe, stoneware floors and air conditioning. The urbanization to which the asset belongs is semi-new with a large access patio and community garage. The town is quiet and is connected by a bus network that goes directly to Alcalá de Henares. In addition, it is only 10 minutes from the national A2 by car and 7km from the Meco train station. If you are interested, do not hesitate to contact me!",False,"{'typology': 'flat', 'subTypology': 'penthouse'}",good,1707.0,https://www.idealista.com/inmueble/102808464/,https://img3.idealista.com/blur/WEB_LISTING/0/id.pro.es.image.master/cf/2f/51/1168006301.jpg,Calle Mayor,False,-3.2567607,Los Santos de la Humosa,5,penthouse,False
2,Madrid,136.0,False,False,{'title': 'Terraced house'},False,3,False,nan,False,21,CHALET/ADOSADO,es,nan,103182289,160000.0,40.500393,False,nan,sale,nan,"Hiperhogar exclusively presents this home to you: Semi-detached house in Los Santo de Humosa (Madrid) This house consists of 135.90 meters, two floors plus a semi-basement. Ground floor: front patio, hall, separate living room, large kitchen with access to the patio, large full bathroom. First floor: 3 bedrooms (one with a balcony and one with a terrace), 1 full bathroom. Semi-basement: Storage room. Electric heating, stoneware floors, sapely doors, aluminum windows. The house needs improvement, having multiple possibilities for updating, it is spacious, bright, with good views next to the bus stop. It is connected by the M-226 highway. THINK OF THIS HOUSE AS A GREAT OPPORTUNITY TO BE YOUR NEW HOME.",False,"{'typology': 'chalet', 'subTypology': 'terracedHouse'}",good,1176.0,https://www.idealista.com/inmueble/103182289/,https://img3.idealista.com/blur/WEB_LISTING/0/id.pro.es.image.master/ba/6d/2a/1182988197.jpg,Los Santos de la Humosa,False,-3.2611281,Los Santos de la Humosa,nan,chalet,False
2,Madrid,248.0,False,False,{'title': 'Semi-detached house in magdalena'},False,3,False,nan,False,30,nan,es,nan,103159599,267500.0,40.502783,False,"{'hasParkingSpace': True, 'isParkingSpaceIncludedInPrice': True}",sale,nan,"FLOOR MANAGEMENT MAKES AVAILABLE TO YOU: Spacious semi-detached house for sale in one of the best areas of Los Santos de la Humosa. Built in 2003, this property has a graphic surface of 248m and 167m of habitable space. Its privileged location allows you to reach Alcalá de Henares in just ten minutes via the NII and in fifteen minutes to Guadalajara via the same route. Inside, there is a bright 50m living room with a fireplace connected to the heating, a large kitchen, a toilet and four bedrooms distributed over two floors. The 20m main bedroom offers a comfortable and cozy space. In addition, it has a full bathroom and a finished attic ready to be used as an office, gym or study room. Outside, there is a pool ideal to enjoy on summer days, as well as a shed to store pool maintenance items. In addition, it has a large outdoor space perfect for spending time with family and friends. The price of this semi-detached house is negotiable and an appointment is available to view the house. Don't miss the opportunity to acquire this wonderful property. Contact us now! NEGOTIABLE PRICE Make your appointment with us now to see your future home, don't miss this opportunity, we are waiting for you. S. AND. OR. OR.",False,"{'typology': 'chalet', 'subTypology': 'semidetachedHouse'}",good,1079.0,https://www.idealista.com/inmueble/103159599/,https://img3.idealista.com/blur/WEB_LISTING/0/id.pro.es.image.master/74/c2/27/1180226563.jpg,magdalena,False,-3.2501142,Los Santos de la Humosa,nan,chalet,False
3,Madrid,105.0,False,False,{'title': 'Semi-detached house in Agustin Rodriguez Sahagun no number'},False,3,False,nan,False,53,Cid V112,es,nan,103548421,159000.0,40.5055334,True,"{'hasParkingSpace': True, 'isParkingSpaceIncludedInPrice': True}",sale,nan,"Semi-detached house for sale in the Miramadrid urbanization, Los Santos de la Humosa. With a privileged location and excellent communication with the A-2, this property is perfect for those seeking tranquility and comfort in a residential environment. The house is distributed over two floors and has a large living room, separate kitchen with wall and base units, ceramic hob appliances, column oven and designer extractor hood. In addition, it has a toilet on the ground floor. On the upper floor, we find three bedrooms, all of them with built-in wardrobes and one of them with a balcony. It also has two full bathrooms. The chalet has a patio and a porch-type terrace, ideal for enjoying the outdoors and relaxing moments. In addition, it offers the possibility of making an attic. The house has oak doors, natural gas heating and a mixed boiler. It also has an outdoor parking space. With a constructed area of 105 m² and 100 m² useful area, this semi-detached house offers all the comforts and spaces necessary for a family. Year of construction: 2006. Don't miss the opportunity to live in this magnificent property. Contact us for more information and visit! 100% financing, mortgage loan information and personalized, free. No agency fee.",False,"{'typology': 'chalet', 'subTypology': 'semidetachedHouse'}",good,1514.0,https://www.idealista.com/inmueble/103548421/,https://img3.idealista.com/blur/WEB_LISTING/0/id.pro.es.image.master/b6/78/45/1192984237.jpg,Agustin Rodriguez Sahagun no number,False,-3.252109,Los Santos de la Humosa,nan,chalet,False
2,Madrid,103.0,False,False,{'title': 'Terraced house in Agustin Rodriguez Sahagun no number'},False,3,False,nan,False,10,HD-37,es,nan,103626666,159000.0,40.5055334,True,"{'hasParkingSpace': True, 'isParkingSpaceIncludedInPrice': True}",sale,nan,"100% FINANCING! WITHOUT AGENCY COMMISSION. HIPODREAMS SERVICIOS FINANCIEROS SELLS Fantastic semi-detached house in Urbanization Miramadrid ""1"" in Los Santos de la Humosa. The property is distributed in two floors. It consists of 3 bedrooms with built-in wardrobes, 2 bathrooms, one en suite in the master bedroom, living room and separate kitchen. Vehicle access to the property. DO NOT HESITATE TO ASK FOR INFORMATION. Visit more at. hypodreams. is ""We make your dreams come true. "".",False,"{'typology': 'chalet', 'subTypology': 'terracedHouse'}",good,1544.0,https://www.idealista.com/inmueble/103626666/,https://img3.idealista.com/blur/WEB_LISTING/0/id.pro.es.image.master/21/c2/e3/1195347216.jpg,Agustin Rodriguez Sahagun no number,False,-3.252109,Los Santos de la Humosa,nan,chalet,False
2,Madrid,103.0,False,False,{'title': 'Terraced house in agustin rodriguez sahagun'},False,3,False,nan,False,11,A&VUCI22864,es,nan,103638032,159000.0,40.5061401,False,nan,sale,nan,"Arroyo & Villena Servicios Financieros e Inmobiliarios S. L. : Manage the sale of the fantastic Townhouse in Los Santos de la Humosa, Madrid. Housing from a bank, in the bidding process. Initial price of the upward bid: €159,000 Bidding active and ends on Thursday, February 8, 2024 at 2:00 p. m. 100% financing! No agency commission! Great property of 103 m² built and 88 m² useful. Year of construction: 2006. - Two-story semi-detached house. Distribution: - Living room. - Kitchen. - 3 bedrooms. - 2 bathrooms. Chalet with 3 bedrooms with two bathrooms and independent kitchen. 15 minutes from the N-II, close to all services, school, pharmacy, public transport…. If you are tired of paying rent, this is your opportunity, with up to 100% financing, don't miss it. Financing up to 100%! Ask without obligation! Great investment opportunity! Feel free to visit it! We get the best mortgage conditions on the market! Arroyo & Villena Servicios Financieros e Inmobiliarios S. L.",False,"{'typology': 'chalet', 'subTypology': 'terracedHouse'}",renew,1544.0,https://www.idealista.com/inmueble/103638032/,https://img3.idealista.com/blur/WEB_LISTING/0/id.pro.es.image.master/f4/61/bf/1195691277.jpg,agustin rodriguez sahagun,False,-3.250328,Los Santos de la Humosa,nan,chalet,False
3,Madrid,170.0,False,False,"{'title': 'Semi-detached house in C. Agustin Rodriguez Sahagun, 79'}",False,5,False,nan,False,91,nan,es,nan,101801339,259000.0,40.5059834,True,"{'hasParkingSpace': True, 'isParkingSpaceIncludedInPrice': True}",sale,nan,"Jimenez & Associates. Real Estate Management presents: In Los Santos de la Humosa, Madrid, urbanization MiraMadrid II. EXCLUSIVE semi-detached house of 168 m2 on 2 floors on a plot of 248m2. It has 5 bedrooms and 3 bathrooms. The house is ready to move into and has the following distribution: From the front garden with parking area we access the house, a large hall-receiver divides the room into: Kitchen furnished with Silestone countertop and electrical appliances. One bathroom with shower. A storage room. A spacious room and a large, bright living-dining room with access to the terrace and rear garden. The garden borders the house and has green areas with large fruit trees, as well as a stamped concrete area for barbecue and guard. On the second floor we have 3 bedrooms with fitted wardrobes that open onto a large terrace. A full bathroom with a bathtub and window and the master bedroom that has a large 4-door closet and a suite-type bathroom with furniture and a shower tray. The construction is from 2007 and has first class qualities, stoneware, marble and wooden floors, smooth walls, sapelli doors and aluminum windows with climalit and bars. The heating is natural gas with many radiators in all rooms. In addition, it has the possibility of incorporating the attic, adding approx 90m2 of housing. It is located in the MiraMadrid II urbanization and surrounded by large green areas, close to the school and municipal swimming pool. The Municipality of Lo Santos de la Humosa is very well connected by the N-II and R II has school services, shops and public transport, in a natural environment and with privileged views of all of Madrid and Guadalajara. It is located just 10 minutes from Alcalá de Henares. Do not hesitate and come see it!",False,"{'typology': 'chalet', 'subTypology': 'semidetachedHouse'}",good,1524.0,https://www.idealista.com/inmueble/101801339/,https://img3.idealista.com/blur/WEB_LISTING/0/id.pro.es.image.master/b2/8c/bb/1134255543.jpg,"C. AGUSTIN RODRIGUEZ SAHAGUN, 79",False,-3.2523473,Los Santos de la Humosa,nan,chalet,False
3,Madrid,145.0,False,False,{'title': 'Semi-detached house in Perdigueras'},False,4,False,nan,False,34,nan,es,nan,103120735,215000.0,40.5035454,False,nan,sale,nan,"It is a pleasure to present you this magnificent residence that redefines the concept of home. With an exceptional price of 215,000 euros, this dream property offers a useful 145m² distributed over three floors, providing a generous and well-designed space to satisfy all your needs. Upon entering, you will be greeted by a spacious and bright living room that becomes the heart of this house, offering a cozy and lively space. The large windows allow natural light to flood every corner, creating a warm and positive atmosphere throughout the chalet. The kitchen, designed with a modern and practical approach. With enough space to prepare delicious meals and equipped with appliances, this kitchen becomes a place where culinary creativity flourishes. The ground floor has a full bathroom, providing additional convenience for your guests and for everyday use. On the second floor, you will find two elegantly decorated secondary bedrooms and an impeccable bathroom that serves them with grace and style. The jewel in the crown is the double bedroom, which not only offers space to rest and relax, but also an en-suite bathroom, providing an oasis of privacy and luxury. This chalet not only offers an abundance of natural light, but also a sense of comfort that will make you feel at home from the moment you walk through the door. The intelligent distribution of spaces and high-quality finishes combine to create an environment where every day feels like a spa and relaxation experience. Located on a 100m² plot, this villa represents a unique opportunity in the real estate market. You are not only buying a house, you are investing in a lifestyle where light and comfort are the undisputed protagonists. Don't miss this opportunity and make this chalet your new home!",False,"{'typology': 'chalet', 'subTypology': 'semidetachedHouse'}",good,1483.0,https://www.idealista.com/inmueble/103120735/,https://img3.idealista.com/blur/WEB_LISTING/0/id.pro.es.image.master/ee/8f/b5/1178919018.jpg,Perdigueras,False,-3.2500441,Los Santos de la Humosa,nan,chalet,False
2,Madrid,129.0,False,False,{'title': 'Duplex'},False,4,False,True,False,18,RP2312024122326,es,True,103645559,175000.0,40.5034214,False,"{'hasParkingSpace': True, 'isParkingSpaceIncludedInPrice': True}",sale,nan,"Redpiso sells great Duplex in Santos de la Humosa. The property has an elevator. It consists of 4 bedrooms, 2 bathrooms, kitchen and large living room. Garage and storage room included in the price. Consult without obligation! We have free financial advice with our Dcredit department. It is located 5 minutes walk from the center of Santos de la Humosa and only 15 minutes by car from Alcalá de Henares. Take advantage of the advantage of living in a quiet place surrounded by nature and with spectacular views.",False,"{'typology': 'flat', 'subTypology': 'duplex'}",good,1357.0,https://www.idealista.com/inmueble/103645559/,https://img3.idealista.com/blur/WEB_LISTING/0/id.pro.es.image.master/ec/90/8a/1195914829.jpg,Los Santos de la Humosa,False,-3.2526202,Los Santos de la Humosa,2,duplex,False
1,Madrid,52.0,False,False,{'title': 'Flat'},False,2,False,True,False,17,A123,es,True,103133024,99000.0,40.5028202,False,"{'hasParkingSpace': True, 'isParkingSpaceIncludedInPrice': True}",sale,nan,"DP2020 sells a wonderful penthouse in the central area of Santos de la Humosa. It is a municipality connected by public transport with Alcalá and by road just a few minutes from the A2. It is an exterior house, very bright. Distributed in two bedrooms, living room with kitchenette, bathroom and a terrace with views of the town. It has a garage, two large storage rooms and the building has an elevator. Get informed and visit without obligation! DP2020 the real estate agency for demanding families, your trusted real estate agency.",False,{'typology': 'flat'},good,1904.0,https://www.idealista.com/inmueble/103133024/,https://img3.idealista.com/blur/WEB_LISTING/0/id.pro.es.image.master/fd/d9/c2/1179342757.jpg,Los Santos de la Humosa,False,-3.2544729,Los Santos de la Humosa,5,flat,False
1,Madrid,62.0,False,False,{'title': 'Flat in Avenida de Madrid'},False,2,False,True,False,24,CR1491,es,False,103134425,116000.0,40.5001498,False,"{'hasParkingSpace': True, 'isParkingSpaceIncludedInPrice': True}",sale,nan,"Housing in LOS SANTOS DE LA HUMOSA, very bright, with garage space included. It consists of 67 meters built, distributed in: entrance hall, fully equipped kitchen with appliances and with the perfect possibility of a dining table, large living room with balcony overlooking the street and two bedrooms, it also has a large terrace and a complete bathroom with a dish. shower. Climalit exterior enclosure, ceramic floor throughout the house. terrace with bars door. Community area in a corrala shape with a small common patio with access to the street. Unbeatable location, located 5 minutes from Alcalá de Henares and 30 minutes from Madrid, surroundings with green areas/parks, schools, supermarkets and restaurants. The sales prices do not include legal taxes or deed expenses. WE DO NOT CHARGE THE BUYER.",False,{'typology': 'flat'},good,1871.0,https://www.idealista.com/inmueble/103134425/,https://img3.idealista.com/blur/WEB_LISTING/0/id.pro.es.image.master/81/28/7e/1179388659.jpg,Avenida de Madrid,False,-3.2569534,Los Santos de la Humosa,1,flat,False
2,Madrid,167.0,False,False,{'title': 'Village house in Travesía Cervantes'},False,4,False,nan,False,33,nan,es,nan,101725973,160000.0,40.5012465,False,nan,sale,nan,"CASA BLANCA REAL ESTATE SELLS. HOUSE IN THE CENTER OF LOS SANTOS DE LA HUMOSA Quiet area to live and close to the Meco and Alcala de Henares industrial estates and 20 minutes from Madrid. The house has two floors. The first floor consists of a living room, a bedroom, a spacious entrance hall, an equipped kitchen with a fireplace and a complete bathroom with a shower. The second floor consists of 3 bedrooms, a spacious living room, and a complete bathroom with a bathtub. Next to one of the rooms you have access to the garage of the house. THE HOUSE HAS CHANGED THE ELECTRICITY OF THE WHOLE HOUSE. THE ROOF REFORMED IN JUNE 2022. If you have problems with financing, we have our colleagues at CB MORTGAGES who can advise you and get up to 100% financing.",False,"{'typology': 'countryHouse', 'subTypology': 'casaDePueblo'}",good,958.0,https://www.idealista.com/inmueble/101725973/,https://img3.idealista.com/blur/WEB_LISTING/0/id.pro.es.image.master/25/c8/09/1131717035.jpg,Travesía CERVANTES,False,-3.2564269,Los Santos de la Humosa,nan,countryHouse,False
2,Madrid,167.0,False,False,{'title': 'Semi-detached house'},False,4,False,nan,False,59,1484,es,nan,102701635,267500.0,40.4964116,False,"{'hasParkingSpace': True, 'isParkingSpaceIncludedInPrice': True}",sale,nan,"Real estate point offers semi-detached house for sale in Santos de la Humosa, Miramadrid urbanization. Highlight the large amount of natural light it receives and its perfectly designed distribution, which provides spacious rooms and large storage capacity. The house is distributed over three floors with 250 m2 of plots. Main floor: Separate living-dining room with fireplace connected to gas and radiators, which can be heated with wood, large fitted kitchen, bedroom and bathroom with bathtub. First floor: Three bedrooms, full bathroom with shower, large terrace with access from the master bedroom. Attic. Completely renovated. SWIMMING POOL (3x2.5 m2) made of steel, very easy to maintain. GARAGE of 17 m2. Front and rear garden. It has wooden and stoneware floors, double glazed aluminum windows, three built-in wardrobes. Surrounded by natural parks, very quiet area.",False,"{'typology': 'chalet', 'subTypology': 'semidetachedHouse'}",good,1602.0,https://www.idealista.com/inmueble/102701635/,https://img3.idealista.com/blur/WEB_LISTING/0/id.pro.es.image.master/43/3a/88/1164321180.jpg,Los Santos de la Humosa,False,-3.2519626,Los Santos de la Humosa,nan,chalet,False
2,Madrid,240.0,False,False,{'title': 'Detached house'},False,7,False,nan,False,33,EX03618,es,nan,98082395,90000.0,40.5037041,False,nan,sale,nan,"Inmobiliaria Exclusivas Alcalá offers this magnificent house for sale in the center of the town of Santos de la Humosa (MADRID). This magnificent house has three individual homes, each of them measuring 80 m2, with a total of 240 m2 of construction according to the cadastre. They have three bedrooms, one double and two singles. Each of these homes has a magnificent living room with an exterior balcony, according to the home, with views. to the patio or the street and large full bathrooms, they also have very spacious and bright kitchens with windows to the outside, with a patio of approximately 50 square meters. A real opportunity! Don't let her escape! . It is located 5 minutes from the A2 highway and 10 minutes from Alcalá de Henares. Ideal for investors. Do not hesitate to contact us to visit it. This announcement is not binding and may contain errors. It is shown for informational purposes and is not contractual. The sales prices do not include legal taxes or deed expenses.",False,"{'typology': 'chalet', 'subTypology': 'independantHouse'}",renew,375.0,https://www.idealista.com/inmueble/98082395/,https://img3.idealista.com/blur/WEB_LISTING/0/id.pro.es.image.master/bd/aa/90/1183231137.jpg,Los Santos de la Humosa,False,-3.2570183,Los Santos de la Humosa,nan,chalet,False
2,Madrid,190.0,False,False,{'title': 'Terraced house'},False,3,False,nan,False,85,INF0038,es,nan,102700557,249900.0,40.4981759,False,"{'hasParkingSpace': True, 'isParkingSpaceIncludedInPrice': True}",sale,nan,"Spectacular semi-detached house with 2 floors plus garage, with an impressive patio, 3 bedrooms, 1 bathroom, a toilet and a kitchen with a peninsula. This chalet enjoys an unbeatable location and offers the best views of the corridor. Chalet Distribution: Main floor: Hall: Upon entering the home from the impressive street viewpoint, you are greeted by a cozy hall. Living room: On this main floor, you will find a square living room, very bright and with access to a terrace where you can enjoy impressive views. Courtesy Toilet: Also on this floor, you have the comfort of a courtesy toilet. Kitchen: This chalet has a spectacular kitchen that includes a peninsula and a dining area. The finishes are of high quality and its design is modern. In addition, it has direct access to the impressive patio of the house on two levels, where your imagination can fly to create a unique space. First floor: Bedrooms: On the first floor, there are the three bedrooms and the main bathroom. The master bedroom is especially spacious, and the other two bedrooms have a charming balcony that offers views of the house's patio. Housing Quality: The house is equipped with double white lacquered climalit aluminum windows with mosquito nets, wooden floors and porcelain stoneware, as well as oak doors. The quality of the finishes is reflected throughout the property. Garage with Additional Space: The garage has capacity for one car and space to store many things. Plus, as a unique addition, the garage includes a soundproof room that's perfect for YouTubers, DJs, and musicians who need a quiet, secluded space to work. Unmatched Location and Views: The location of this chalet is exceptional, offering the best views of the corridor. If you are a lover of panoramic views and the comfort of a modern and well-designed home, this chalet is an opportunity that you should not miss. The property is sure to attract a lot of interest, so I recommend that you don't think about it too much, because this chalet is going to fly! Meters of the house collected and contrasted according to cadastre/registry. Do you want to know if they grant you the mortgage? Do you have to sell your house to buy this one? Call me and we'll give you a free assessment. This announcement is not binding and may contain errors. It is shown for informational purposes and is not contractual. The sales prices do not include legal taxes or deed expenses.",False,"{'typology': 'chalet', 'subTypology': 'terracedHouse'}",good,1315.0,https://www.idealista.com/inmueble/102700557/,https://img3.idealista.com/blur/WEB_LISTING/0/id.pro.es.image.master/30/6a/9b/1185557545.jpg,Los Santos de la Humosa,False,-3.2570465,Los Santos de la Humosa,nan,chalet,False
3,Madrid,105.0,False,False,{'title': 'Semi-detached house in agustin rodriguez sahagun'},False,3,False,nan,False,56,nan,es,nan,102962766,186900.0,40.5048944,False,"{'hasParkingSpace': True, 'isParkingSpaceIncludedInPrice': True}",sale,nan,"AS FRESNOS sells a magnificent single-family house of almost 120 m2 in Santos de la Humosa in Madrid. The house is a semi-detached house, it is located in the Miramadrid urbanization, very close to the A2 and a few minutes from Alcalá de Henares and Guadalajara. It has all the basic services of first necessity or day to day. The property is distributed over 2 floors, it has been completely renovated. GROUND FLOOR: has an entrance hall, large living room with access to terrace, renovated and independent kitchen, toilet with window. FIRST FLOOR: there are three bedrooms with built-in and covered wardrobes, the main one with a large window providing a bright atmosphere, 2 full bathrooms, one with a shower and the other en suite with a bathtub. Possibility of attic. HOUSING QUALITIES: armored main door, the interior carpentry is oak doors, ceramic floors and laminated flooring and the exterior carpentry with double glazed windows, mosquito nets. It has gotele walls, natural gas heating and hot water, built-in and lined wardrobes. It also has a cozy porch to enjoy at any time of the year with family and friends, space for two cars. The urbanization where the property is located has a municipal swimming pool, just 6 minutes from the Los Santos School, a few minutes from the Consultorio Local De Los Santos De La Humosa clinic, supermarkets and the Santos de la Humosa viewpoint with impressive views. 7 km from the A-2, there is a bus line to Alcalá de Henares (275) At AS Fresnos Inmobiliaria we work to offer our clients the best properties in the area, to provide them with the best option for their needs, and a personalized service, in which we are attentive to all the details. We get you the best Mortgage on the market, UP TO 100% OF THE PURCHASE AND SALE, UP TO 100% OF THE APPRAISAL (according to profile). Free financial advice. (External financial) DO NOT HESITATE TO CALL US TO ARRANGE A VISIT.",False,"{'typology': 'chalet', 'subTypology': 'semidetachedHouse'}",good,1780.0,https://www.idealista.com/inmueble/102962766/,https://img3.idealista.com/blur/WEB_LISTING/0/id.pro.es.image.master/00/c7/ff/1173311411.jpg,agustin rodriguez sahagun,False,-3.2502571,Los Santos de la Humosa,nan,chalet,False
4,Madrid,211.0,False,False,{'title': 'Detached house'},False,5,False,nan,False,21,REF_18908,es,nan,102388157,259000.0,40.503671,False,nan,sale,nan,"Villa in the center of Santos de la Humosa Your home and business in a magnificent chalet. Attention merchants and entrepreneurs! SAFTI España and Perla Rodríguez present a beautiful villa with a commercial premises ideal for those who want to combine their business with the comfort of living close to it. In Santos de la Humosa, 10 minutes from Alcalá de Henares and 35 minutes from Madrid with all the services of a big city. This large chalet consists of a cozy patio with natural plants and barbecue, an 87-meter floor with a living room with white PVC tilt-and-turn windows and smart glass, five bedrooms, two of them en suite, dressing room, office and kitchen with appliances. It also has a local warehouse space of about 33 square meters that overlooks the patio. The 91-meter store is located on another floor of the house, with open spaces perfect for any type of business and in a strategic, flat area, in a large pedestrian area and has other commercial and service activities around it. It guarantees excellent visibility and a constant flow of potential clients. Furthermore, if you don't want it, it can be integrated as part of the home or made into a nice apartment. Great opportunity for builders and investors, possibility of two apartments or use of the first floor as commercial premises. Contact us now to organize a visit and discover everything this great chalet has to offer! You will not regret! WE DO NOT CHARGE THE BUYER. IF YOU NEED FINANCING WE WILL HELP YOU.",False,"{'typology': 'chalet', 'subTypology': 'independantHouse'}",good,1227.0,https://www.idealista.com/inmueble/102388157/,https://img3.idealista.com/blur/WEB_LISTING/0/id.pro.es.image.master/b0/bd/39/1199286274.jpg,Los Santos de la Humosa,False,-3.2584451,Los Santos de la Humosa,nan,chalet,False
1,Madrid,73.0,False,False,{'title': 'Flat'},False,2,False,True,False,23,2311310,es,True,103694313,128000.0,40.4984615,False,"{'hasParkingSpace': True, 'isParkingSpaceIncludedInPrice': True}",sale,nan,"***AGENCY COMMISSION FULLY INCLUDED IN THE LISTING PRICE*** ***ADVICE AND MANAGEMENT UNTIL FINANCING IS SIGNED AT NO ADDITIONAL COST*** ***SAFETY IN YOUR PURCHASE AND PEACE OF MIND IN YOUR SALE*** PROVAN Inmobiliaria offers this fantastic practically brand new home composed of two bedrooms and built-in wardrobes dressed on the inside. Fitted kitchen with appliances. Bright living room with access to PATIO. Bathroom with shower Qualities; aluminum windows and double glazing. Interior doors in oak-colored wood. Armored main entrance door. Floating floors and porcelain stoneware in the bathroom and kitchen. Individual heating using natural gas with aluminum radiators. Air conditioning with heat pump American garage in the patio and 14 m2 storage room included in the price. Located in Santos de la Humosa, a town located to the east of the Community of Madrid, with direct access from the A-2 highway, next to the city of Alcalá de Henares and a few kilometers from Guadalajara. With intercity transportation service. Clinic. School. Parks and children's areas. Consult us and we will inform you without obligation.",False,{'typology': 'flat'},good,1753.0,https://www.idealista.com/inmueble/103694313/,https://img3.idealista.com/blur/WEB_LISTING/0/id.pro.es.image.master/17/b1/70/1197334553.jpg,Los Santos de la Humosa,False,-3.2596538,Los Santos de la Humosa,2,flat,False
2,Madrid,103.0,False,False,{'title': 'Terraced house in Agustin Rodriguez Sahagun'},False,3,False,nan,False,30,007301,es,nan,103627819,159000.0,40.5025939,False,nan,sale,nan,TOWNHOUSE IN LOS SANTOS DE LA HUMOSA! 100% FINANCING POSSIBILITY! OPPORTUNITY! GET INFORMED! Semi-detached house in good condition with two floors. Three exterior bedrooms. Kitchen with high and low furniture. Complete bathroom. Stoneware floors. Oak doors. Aluminum windows. Near Alcalá de Henares and neighboring cities.,False,"{'typology': 'chalet', 'subTypology': 'terracedHouse'}",good,1544.0,https://www.idealista.com/inmueble/103627819/,https://img3.idealista.com/blur/WEB_LISTING/0/id.pro.es.image.master/e6/df/cb/1197260258.jpg,AGUSTIN RODRIGUEZ SAHAGUN,False,-3.2535408,Los Santos de la Humosa,nan,chalet,False
2,Madrid,104.0,False,False,{'title': 'Semi-detached house in Calle Agustin Rodriguez Sahagŭn'},False,3,False,nan,False,10,733210-BHP,es,nan,103664354,159000.0,40.5028482,False,"{'hasParkingSpace': True, 'isParkingSpaceIncludedInPrice': True}",sale,nan,"GREAT OPPORTUNITY! NO ADDITIONAL EXPENSES FOR THE BUYER 100% FINANCING. Initial contribution of only €15,900 and the chalet can be yours! Magnificent 3-bedroom semi-detached house located in the town of De los Santos de la Humosa. This home has a separate kitchen, living room, 3 bedrooms, two of which have built-in wardrobes, 2 bathrooms, one of them en suite, and a front patio with space to park two cars. Very quiet residential area with services within your reach, communication by highway A-2 Bank housing, unbeatable financing conditions, 100% financing, no guarantees, you will only have to cover the expenses. Do not hesitate to request information and make your visit.",False,"{'typology': 'chalet', 'subTypology': 'semidetachedHouse'}",good,1529.0,https://www.idealista.com/inmueble/103664354/,https://img3.idealista.com/blur/WEB_LISTING/0/id.pro.es.image.master/f3/a0/28/1196481680.jpg,Calle Agustin Rodriguez Sahagŭn,False,-3.2511702,Los Santos de la Humosa,nan,chalet,False
2,Madrid,103.0,False,False,{'title': 'Terraced house in agustin rodriguez sahagun'},False,3,False,nan,False,9,nan,es,nan,103716030,159000.0,40.5030277,False,nan,sale,nan,"OPPORTUNITY! 100% FINANCING. Initially contributing only €15,900, the chalet is yours - Los Santos de la Humosa (Madrid). Are you wasting money living on rent and you don't have €48,000 for a down payment? Don't worry, this is your solution! Beautiful semi-detached house with 3 bedrooms and 2 bathrooms in Los Santos de la Humosa. It is a cozy 103m2 semi-detached house with a garden. It is distributed over two floors. Furnished kitchen. Stoneware floors. White aluminum windows. 100% mortgage. Visit it without obligation. WE DO NOT CHARGE THE BUYER! DREAM, BELIEVE, REACH!",False,"{'typology': 'chalet', 'subTypology': 'terracedHouse'}",good,1544.0,https://www.idealista.com/inmueble/103716030/,https://img3.idealista.com/blur/WEB_LISTING/0/id.pro.es.image.master/f5/ed/6c/1197972759.jpg,agustin rodriguez sahagun,False,-3.249915,Los Santos de la Humosa,nan,chalet,False
3,Madrid,105.0,False,False,{'title': 'Semi-detached house'},False,3,False,nan,False,29,280292,es,nan,103668215,159000.0,40.5050484,False,nan,sale,nan,"DONPISO offers you a FANTASTIC VILLA in the best area of Los Santos de la Humosa of 105 m2 according to cadastre. It is distributed on two floors. GROUND FLOOR-consists of a toilet, a fantastic and spacious kitchen and a large living room with access to the terrace. FIRST FLOOR- consists of a bathroom with a shower tray and screen, three double bedrooms, one of them a suite with a hydromassage bathtub. The chalet is in a very good condition to move into and has several BUILT-IN WARDROBES, giving the home a lot of space, stoneware floors and smooth white walls. Well connected by public transport, 10 minutes from Alcalá de Henares and 15 from Torrejón de Ardoz, surrounded by all the necessary services: school, pharmacy, supermarkets, sports centers, restaurants... etc. The purchase of your new home is a momentous decision and a great financial implication. At DONPISO we are going to give you all the facilities so that you can buy the apartment or house of your dreams and at the price you can pay. In addition, we help you with financing, offering you the mortgage that best suits your needs. We teach it to you without obligation. OPPORTUNITY! COME VISIT YOUR NEW HOME (The indicated PVP does not include taxes or writing expenses). FOR OWNERS: Do you need to sell to buy? We help you by coordinating everything and with a mortgage change of house. Are you in a hurry to sell? We offer you a quick sale with all the guarantees. Do you need a mortgage? In donpiso you find it and in preferential conditions. Inheritances? , Divorces? , we help you and coordinate everything. Get informed:.",False,"{'typology': 'chalet', 'subTypology': 'semidetachedHouse'}",good,1514.0,https://www.idealista.com/inmueble/103668215/,https://img3.idealista.com/blur/WEB_LISTING/0/id.pro.es.image.master/fd/26/78/1200655743.jpg,Los Santos de la Humosa,False,-3.2508084,Los Santos de la Humosa,nan,chalet,False
3,Madrid,190.0,False,False,{'title': 'Terraced house'},False,5,False,nan,False,35,nan,es,nan,102707331,219000.0,40.5048848,False,"{'hasParkingSpace': True, 'isParkingSpaceIncludedInPrice': True}",sale,nan,"HONESTITY offers an exclusive TOWNHOUSE in a quiet area. Renovated house consisting of a garage, 4 bedrooms, kitchen, 2 living rooms, toilet, 3 bathrooms, fireplace, splendid closed and heated porch, air conditioning, barbecue area, patio, and garden. If you need it, at HONESTITY we will find the best financing for you up to 100% of the purchase value. We work with all banks to find the best conditions. The property is distributed as follows: BASEMENT: Living room with open plan kitchen with bar, bedroom, full bathroom and fireplace. A small apartment inside the house. LOW LEVEL: Access to the house through the front patio, toilet, kitchen, living room, closed porch with access to the garden and barbecue area. FIRST FLOOR: 3 bedrooms, and 2 bathrooms. SECOND FLOOR: cramped attic. For further information, do not hesitate to contact us.",False,"{'typology': 'chalet', 'subTypology': 'terracedHouse'}",good,1153.0,https://www.idealista.com/inmueble/102707331/,https://img3.idealista.com/blur/WEB_LISTING/0/id.pro.es.image.master/f9/b7/e6/1164546451.jpg,Los Santos de la Humosa,False,-3.2477676,Los Santos de la Humosa,nan,chalet,False
1,Madrid,64.0,False,False,{'title': 'Village house in Calle de los Esparteros'},True,2,False,nan,False,5,CG-54869-0001,es,nan,103538539,12000.0,40.5024851,False,nan,sale,nan,"Hannan-Piper Real Estate presents an excellent opportunity to own a house under halted construction, with an area of 64 m² located in the town of Los Santos de la Humosa, province of Madrid. Los Santos de la Humosa is located 49 minutes from the Madrid capital, connected by bus stops with line 275 and by road, with the M-226 access. The municipality has varied equipment, health center, pharmacy, supermarket, gym and small business. It is an apartment under stopped construction, with an approximate area of 64 m², distributed in several rooms. At Hannan-Piper Real Estate we have real estate experts with more than 25 years of experience in the sector and the area, who will help, guide and advise you so that the purchase process is pleasant, fast and simple. IMPORTANT INFORMATION: Because this property comes from a bank restructuring fund, the information described in this announcement may contain errors both in its description and in the price; For this reason, the information contained herein is not binding, and the interested party must seek additional information. The advertiser is not responsible for its content. Request more information without obligation.",False,"{'typology': 'countryHouse', 'subTypology': 'casaDePueblo'}",good,188.0,https://www.idealista.com/inmueble/103538539/,https://img3.idealista.com/blur/WEB_LISTING/0/id.pro.es.image.master/c3/b4/3e/1192681582.jpg,Calle de los Esparteros,False,-3.2539771,Los Santos de la Humosa,nan,countryHouse,False
2,Madrid,379.0,False,False,{'title': 'Flat in Calle de los Esparteros'},False,3,False,nan,False,3,1000041036-CV,es,True,101888292,165900.0,40.5040151,False,nan,sale,nan,"INVESTMENT OPPORTUNITY: The Property is transferred without the construction works having been completed. Consult us for its special conditions. This situation has been especially taken into account when setting the price.   Lot consisting of five homes belonging to a development under construction with the works paralyzed. The Property does not own 100% of the Building Complex, so to carry out any action on the Building Complex it will have to contact the rest of the owners. It is a building under construction located on Esparteros Street, number 1, in the municipality of Los Santos de la Humosa, in the province of Madrid. The building has three floors above ground for housing and commercial premises on the ground floor. In addition, it has a semi-basement floor for parking spaces and storage rooms. Located to the east of the town, very close to the historic center. It has regular bus services (line 275) and good access to Madrid capital via A2. In its surroundings it has small shops, supermarkets, pharmacies, cafes, restaurants and other basic services. The municipality also has a Theater and a karting. Building under construction with works paralyzed.",False,{'typology': 'flat'},good,438.0,https://www.idealista.com/inmueble/101888292/,https://img3.idealista.com/blur/WEB_LISTING/0/id.pro.es.image.master/df/5b/1a/1137224579.jpg,Calle de los Esparteros,False,-3.251506,Los Santos de la Humosa,bj,flat,False
1,Madrid,851.0,False,False,"{'title': 'Flat in Calle de los Esparteros, 1'}",False,2,False,nan,False,4,60582029,es,False,102785778,370000.0,40.5028071,True,"{'hasParkingSpace': True, 'isParkingSpaceIncludedInPrice': True}",sale,nan,"Housing located northeast of the town, next to Calle de la Soledad, 6 minutes from the Town Hall and with good communication via M-226. This property is sold together with local housing.",False,{'typology': 'flat'},renew,435.0,https://www.idealista.com/inmueble/102785778/,https://img3.idealista.com/blur/WEB_LISTING/0/id.pro.es.image.master/6f/48/ca/1167236337.jpg,"Calle de los Esparteros, 1",False,-3.2534321,Los Santos de la Humosa,1,flat,False
