bathrooms,province,size,hasPlan,topNewDevelopment,suggestedTexts,hasVideo,rooms,has360,exterior,hasStaging,numPhotos,externalReference,country,hasLift,price,propertyCode,latitude,showAddress,parkingSpace,operation,labels,description,newDevelopment,detailedType,status,priceByArea,url,newDevelopmentFinished,thumbnail,address,has3DTour,longitude,municipality,floor,propertyType,topPlus
1,Madrid,163.0,True,False,{'title': 'Terraced house'},False,3,True,nan,False,32,1180,es,nan,390000.0,103033035,40.6812279,False,"{'hasParkingSpace': True, 'isParkingSpaceIncludedInPrice': True}",sale,nan,"Housing 2000 offers a semi-detached house for sale in an area very close to the main street of the town. The house is accessed through a front terrace. On the main floor we have a beautiful kitchen built with granite countertops and a good gas stove with a large oven, for those who enjoy cooking. The kitchen has two corner windows and with its south orientation, makes this area very bright. We have a guest toilet and the living-dining room, with its square layout, allows for easy layout. From the living room we have access to the garden. On the upper floor we have the sleeping area. The two secondary bedrooms overlook the garden area of the house, which due to its orientation, allows for beautiful views. The master bedroom stands out for its spaciousness, which allows it to have a large area of fully dressed closets. The two windows in this room are large, facing the sea, one is a balcony type, and from the other, we have access to a pleasant terrace. All bedrooms share a renovated bathroom, with a large shower tray. The garden area is ideal, since, compared to other homes in the same area, this one does not have a home in front, which gives a feeling of spaciousness. The garden has been designed for easy maintenance, with most of it paved and the entire perimeter with planters, very well cared for. The house has a garage with capacity for one car, it has an automatic door, and from inside, we have access to the front terrace of the house. The chalet has dimensions of about 130 meters. In addition, a basement of about 40 meters has been built into the house. Ideal as a second living room, leisure area or storage room. The house is kept in good condition, with natural gas heating, air conditioning in the living room and master bedroom, and air conditioning and heat pump in the secondary bedrooms. Its PVC windows are foldable and the access door to the house is armored. It has no community fees and is located near the municipal swimming pool and commercial area, being a quiet area at the same time. Don't miss the opportunity. No fees to the purchasing party.",False,"{'typology': 'chalet', 'subTypology': 'terracedHouse'}",good,2393.0,https://www.idealista.com/inmueble/103033035/,nan,https://img3.idealista.com/blur/WEB_LISTING/0/id.pro.es.image.master/02/bb/09/1175782997.jpg,San Agustin de Guadalix,False,-3.6114316,San Agustin de Guadalix,nan,chalet,False
3,Madrid,317.0,True,False,{'title': 'Terraced house'},False,5,True,nan,False,41,1185,es,nan,475000.0,103521590,40.6760631,False,"{'hasParkingSpace': True, 'isParkingSpaceIncludedInPrice': True}",sale,nan,"Housing 2000 sells semi-detached house in the center of the town. The house is characterized by its dimensions, distributed as follows: - main floor: we access the house through its front terrace. On this floor we find as soon as we enter a room equipped as a living room, a guest toilet, a large kitchen with a large capacity of cabinets and with direct access to the living-dining room, which is large in size, has a fireplace with a cassette and access to the rear garden. of the house. The garden is mostly paved, with an area prepared for landscaping. From this area we have access to the community area, where we have gardens and a large swimming pool. -First floor: we have 4 bedrooms with built-in wardrobes, 2 full bathrooms, one inside the master bedroom. On this floor there are also two terraces, one very large in a secondary room, and the other, smaller in size in the master bedroom, but with beautiful views of the common areas. - Attic: this area is completely open plan, it can be used as a fifth bedroom. - Basement: with a very useful layout, we have a garage for two cars, laundry room with built-in wardrobe and sauna, storage room, wine cellar, another room equipped as a gym, and finally, another complete bathroom. The house is in good condition, located in the center of San Agustín, but at the same time in a very quiet area. It has a very good orientation, so the house is sunny in the morning in one area, and in the afternoon, in the back. Its community is ideal because of how quiet it is and its green areas are perfect for your enjoyment.",False,"{'typology': 'chalet', 'subTypology': 'terracedHouse'}",good,1498.0,https://www.idealista.com/inmueble/103521590/,nan,https://img3.idealista.com/blur/WEB_LISTING/0/id.pro.es.image.master/1f/08/b5/1192143543.jpg,San Agustin de Guadalix,False,-3.6195379,San Agustin de Guadalix,nan,chalet,False
2,Madrid,88.0,True,False,{'title': 'Flat in Lucio Benito'},False,3,True,True,False,19,1150,es,True,252000.0,100368629,40.6802169,False,nan,sale,nan,"Vivienda 2000 sells an exclusive NEW apartment, BRAND NEW in the center of San Agustín de Guadalix. The apartment has an area of approximately 89 meters. In addition, it has a storage room of almost 20 meters. The apartment has a spacious living-dining room with a balcony, very bright. The kitchen is furnished with high and low units and built-in appliances. 3 bedrooms with fitted wardrobes and two full bathrooms with showers. The master bedroom has an en-suite bathroom. Air conditioning in the house through underfloor heating by aerothermal energy, both hot and cold. Incredible energy savings and comfort. The house is new construction with elevator, to enter to live now. Highlight its good qualities and modern finishes. Be sure to visit this wonderful apartment in the center, close to all services. Price + VAT.",False,{'typology': 'flat'},good,2864.0,https://www.idealista.com/inmueble/100368629/,nan,https://img3.idealista.com/blur/WEB_LISTING/0/id.pro.es.image.master/fa/3c/aa/1081049937.jpg,Lucio Benito,False,-3.6170418,San Agustin de Guadalix,bj,flat,False
1,Madrid,85.0,True,False,{'title': 'Flat in Reguera'},False,3,True,True,False,20,1160,es,False,162000.0,101064677,40.6756616,False,nan,sale,nan,"Housing 2000 sells a completely renovated apartment in San Agustín de Guadalix. No fees to the purchasing party. The house has three bedrooms, all of very good dimensions. Its kitchen has been expanded by adding the clothesline, so it has been able to make more use of its storage space. The bathroom has a shower tray. Finally, it is worth highlighting the living-dining room, despite being originally large, the terrace has been added, leaving this area much larger and brighter thanks to its windows. The apartment is characterized by its modern finishes and for being very bright, thanks to the fact that it has 3 orientations, so it is sunny all day. PVC folding windows, air conditioning in the living room, fans in all bedrooms, pre-installation of natural gas through pipes, failing to install a boiler and radiators, if desired. All these reforms among many others. Be sure to visit it, you will love it!",False,{'typology': 'flat'},good,1906.0,https://www.idealista.com/inmueble/101064677/,nan,https://img3.idealista.com/blur/WEB_LISTING/0/id.pro.es.image.master/f9/00/2c/1108811389.jpg,Reguera,False,-3.6187445,San Agustin de Guadalix,3,flat,False
4,Madrid,289.0,True,False,{'title': 'Semi-detached house'},False,4,True,nan,False,81,6127,es,nan,592500.0,96534254,40.6754538,False,"{'hasParkingSpace': True, 'isParkingSpaceIncludedInPrice': True}",sale,nan,"Great semi-detached house, with several reforms, very well maintained, with easy and quick access to the Madrid Burgos Highway, in San Agustín de Guadalix. Despite being a recently built house, reforms have been made in the anti-humidity sanitation of the old garage to subsequently build a beautiful cellar, porch, swimming pool, barbecue, part of the fence and exterior door reformed in aluminum, wooden floors, bathrooms, painting, etc. Double glazed windows and thermal bridge, natural gas heating and orientation would be north at the entrance and south at the garden and pool; there are no more houses in the southern part, it is all countryside. The house consists, at the garden level and going down a small ramp, of a comfortable garage for one car and the rest of the space as a storage room and with access to the cellar which in turn has access to the garden and pool. The cellar has a breakfast bar, fireplace, appliances such as dishwasher, refrigerator, vitro, oven, hood and sink and a toilet. Main floor, going up 5 comfortable steps, we have the entrance hall, built-in wardrobe, large kitchen, living room with access to the terrace located to the south and toilet. (The living room has a covered fireplace, because they use the cellar fireplace, but it can be put into service if desired). 1st floor with distribution hall, 4 bedrooms and 2 bathrooms (main with bathroom and access to a beautiful terrace, as well as the other room facing south that also has access to the terrace). Diaphanous attic with access to a large terrace with views of the countryside. Annual IBI expenses ""NO AGENCY COMMISSION"".",False,"{'typology': 'chalet', 'subTypology': 'semidetachedHouse'}",good,2050.0,https://www.idealista.com/inmueble/96534254/,nan,https://img3.idealista.com/blur/WEB_LISTING/0/id.pro.es.image.master/23/83/ba/949973942.jpg,San Agustin de Guadalix,False,-3.6163282,San Agustin de Guadalix,nan,chalet,False
3,Madrid,293.0,True,False,{'title': 'House in Calle Ricardo Clemares'},True,4,False,nan,False,30,VMN2312003,es,nan,630000.0,103367146,40.6848553,False,"{'hasParkingSpace': True, 'isParkingSpaceIncludedInPrice': True}",sale,"[{'name': 'luxuryType', 'text': 'Luxury'}]","MAGNIFICENT TOWNHOUSE IN SAN AGUSTIN DE GUADALIX With 240m2, this townhouse in gated community enjoys an excellent distribution and location. It is located in the Monteoliva urbanization. C t has three floors. The main door is accessed through a nice terrace and on the first floor we find a hall with closet, kitchen equipped with appliances, bathroom or toilet with shower. Next, the living room with fireplace and large windows that give access to a nice private garden with porch with beams and wooden ceiling. It is worth mentioning the automatic irrigation and water diffusers to keep the environment fresh. The garden has a gate that gives access to the beautiful common areas with many trees, swimming pool and children's area. The second floor consists of four bedrooms and two bathrooms (one of them en suite in the master bedroom). Fitted closets, wooden floors, wooden windows and excellent insulation. In the basement there is a large room that could be a service bedroom or guest bedroom, storage room, storage area or work area. There is also a large laundry room. Exit door to the garage which has three large spaces directly to the house. Air conditioning ducts and individual heating by natural gas. Entrance gate with doorman. Can you imagine living here?",False,{'typology': 'chalet'},good,2150.0,https://www.idealista.com/inmueble/103367146/,nan,https://img3.idealista.com/blur/WEB_LISTING/0/id.pro.es.image.master/b2/70/50/1187264845.jpg,Calle Ricardo Clemares,False,-3.6167353,San Agustin de Guadalix,nan,chalet,False
1,Madrid,49.0,False,False,{'title': 'Studio apartment in Antonio Machado'},False,0,False,True,False,42,nan,es,True,235000.0,103856630,40.6797134,False,nan,sale,nan,"Lidia Ollero Properties has exclusively selected 2 apartments that are fully equipped and ready to live in or ideal for their profitability as an investment. Unique INVESTMENT opportunity! * SALE PRICE OF 2 APARTMENTS * in the best and most sought-after area of the city. Spacious and very bright with large windows, with the best construction qualities. Both have a private, covered terrace where you can enjoy days outdoors practically all year round. Fully equipped kitchens with large capacity furniture and all appliances. The two apartments are sold together, with this offer in the price.(Each apartment is registered independently with a habitability cell) They are recently built and strategically located within the urban center, with great location advantages. Minimum community and IBI expenses. COMMUNICATIONS: San Agustín is a highly valued municipality in Madrid, buying here is always a safe investment due to its high demand for housing.A few kilometers from San Sebastián de los Reyes, Alcobendas and Madrid on the A-1 Highway by car and with several bus lines that leave and go directly to the Plaza Castilla interchange. SCHOOLS: It has two public schools and an Institute within the town, very close to it there are private schools. LOCATION: The house is very well located within San Agustin next to several schools, supermarkets and all kinds of services. COMMUNICATIONS: Municipality with good communication by public transport with several intercity bus lines and a night line.It has good road communication by Highway A1 and M 104. This municipality is located in the northern region of the Community of Madrid, in the vicinity of the Sierra de Guadarrama, a relevant mountain range in the area.It is located approximately 34 kilometers north of the center of Madrid, which makes it an enclave on the outskirts of the capital. San Agustín de Guadalix borders several municipalities, including Colmenar Viejo to the west, Tres Cantos to the east, and Manzanares el Real to the north among others. Access to this municipality is possible through important roads such as the A-1, which connects it both with the city of Madrid and with other nearby municipalities, in addition to the M-607. It also has direct bus routes that reach Plaza Castilla in about 35-40 minutes. In summary, San Agustín de Guadalix is a municipality located in the northern area of the Community of Madrid, near the capital, surrounded by other municipalities and impressive natural landscapes such as the Sierra de Guadarrama. ENVIRONMENT: In the middle of nature, with a wide range of natural places, where you can walk, take bicycle routes, and mountain excursions. Great variety in gastronomic offer, where the best restaurants and entertainment venues are located in the northern area of Madrid. Don't miss this magnificent opportunity to buy 2 apartments for this incredible price: €235,000. Call us now and we will be happy to organize a personalized visit; Lidia Ollero Properties, experts in real estate management.",False,"{'typology': 'flat', 'subTypology': 'studio'}",good,4796.0,https://www.idealista.com/inmueble/103856630/,nan,https://img3.idealista.com/blur/WEB_LISTING/0/id.pro.es.image.master/47/a2/4b/1202347946.jpg,Antonio Machado,False,-3.619234,San Agustin de Guadalix,bj,studio,False
3,Madrid,282.0,True,False,{'title': 'House'},True,4,False,nan,False,36,VMN2310009,es,nan,585000.0,102869989,40.6811301,False,"{'hasParkingSpace': True, 'isParkingSpaceIncludedInPrice': True}",sale,"[{'name': 'luxuryType', 'text': 'Luxury'}]","TOWNHOUSE WITH GARDEN FOR SALE IN THE NORTH OF MADRID. MAGNIFICENT AND VERY BRIGHT TOWNHOUSE Excellent house, bright and in very good condition located in Canarias street in San Agustin de Guadalix. It consists of 282 m² built distributed on four floors. Entrance hall giving access to the living room, kitchen and access to a cozy garden with access to the common areas. At the same entrance you can access the private garage and a bedroom with toilet. On the second floor is the master bedroom with bathroom en suite. On the second floor, two large bedrooms and a separate bathroom that both share. On the third floor we find a very large space with terrace, perfect for second living room, work area or living area, very nice and bright. It is worth mentioning the common garden areas and the swimming pool.   Wooden floors, individual heating.   A few meters from supermarket, Mercadona and very close to all kinds of stores in the town of San Agustin, sports centers and schools. Can you imagine living here?",False,{'typology': 'chalet'},good,2074.0,https://www.idealista.com/inmueble/102869989/,nan,https://img3.idealista.com/blur/WEB_LISTING/0/id.pro.es.image.master/41/ce/df/1184466279.jpg,San Agustin de Guadalix,False,-3.6186259,San Agustin de Guadalix,nan,chalet,False
4,Madrid,242.0,False,False,{'title': 'Semi-detached house'},False,5,False,nan,False,41,SG1852,es,nan,665000.0,103555452,40.6870206,False,"{'hasParkingSpace': True, 'isParkingSpaceIncludedInPrice': True}",sale,"[{'name': 'luxuryType', 'text': 'Luxury'}]","HOUSE AND HOUSE SELLS. - In one of the best urbanizations in San Agustin de Guadalix, beautiful semi-detached house with a plot of about 260m2 with an individual pool and built-in barbecue area. In perfect condition, recently renovated with a spectacular kitchen. The house is distributed: MAIN FLOOR: Hall, very spacious living room with direct access to the porch, garden and pool area, large kitchen with island, laundry area and pantry, guest toilet. From this floor, going up 4 stairs, we find a large room or second living room of about 20m2. FIRST FLOOR: Four large bedrooms with three full bathrooms. The master bedroom with its en-suite bathroom. Garage for one car. The urbanization also has great common areas with an adult pool, a children's pool, three paddle tennis courts and a community room to hold celebrations. BETTER SEE! The house is very well located within San Agustin next to several schools, supermarkets and all kinds of services.",False,"{'typology': 'chalet', 'subTypology': 'semidetachedHouse'}",good,2748.0,https://www.idealista.com/inmueble/103555452/,nan,https://img3.idealista.com/blur/WEB_LISTING/0/id.pro.es.image.master/68/f0/ac/1193214008.jpg,San Agustin de Guadalix,False,-3.6197263,San Agustin de Guadalix,nan,chalet,False
7,Madrid,815.0,False,False,{'title': 'Detached house'},False,9,False,nan,True,50,NVMD127971,es,nan,1150000.0,82925370,40.694571,False,"{'hasParkingSpace': True, 'isParkingSpaceIncludedInPrice': True}",sale,"[{'name': 'villaType', 'text': 'Villa'}]","Gilmar Consulting Inmobiliario Santo Domingo sells in the urbanization Monte de Valdeoliva, the most exclusive of San Agustin de Guadalix with only eleven homes, this magnificent estate of 9,500 m² with a detached house of 815 m² on two floors, with nine bedrooms and seven bathrooms, with total privacy and perfect orientation so it enjoys plenty of natural light throughout the day. The house, completely renovated in 2005, is in perfect condition and has a traditional construction, very solid and has a very comfortable distribution in which we have, on the main floor, the entrance hall, living room with fireplace, separate dining room, terrace, guest toilet, kitchen with office, library, master bedroom with bathroom and four bedrooms with three bathrooms (two of them en suite). On the first floor, above ground level, a magnificent living room of 100 m², bathroom, guest bedroom, three more bedrooms sharing a bathroom, laundry and ironing room, garage for two cars, storage room and boiler room. It is a very cozy property, with lots of light, large spaces, a very comfortable distribution in which all rooms have direct access to the garden and where you can enjoy nature, open spaces and great views. The plot has a large garden area with large trees and a magnificent swimming pool. The urbanization Monte de Valdeoliva also has private security with restricted access, very close to San Agustin de Guadalix, well connected to Madrid by the N-I with all kinds of services and shopping areas. We have more than 30 offices in Madrid, Marbella, Estepona, Puerto Banús, Seville, Cádiz, Jerez and the Canary Islands. Our headquarters are located in Goya Street, 47. For more than 36 years we have demonstrated our professionalism and exquisite attention to detail. Gilmar has more than 4.000 properties for sale, second hand apartments, new apartments, chalets, villas, first line beach, rustic properties... Visit our website and find the best real estate investment from the best professionals in the real estate sector. North Zone of Madrid -La Moraleja, (La Moraleja, El Soto de la Moraleja, Encinar de los Reyes, Arroyo de la Vega). -S. Domingo area. Domingo - Ciudalcampo (Ciudalcampo, Santo Domingo). -Fuente del Fresno - C. CAMPO area (Fuente del Fresno, Club de Campo). -S Fuente el Sanz de Jarama area (Fuente el Saz de Jarama, Valdeolmos-Alalpardo). -San Sebastian de los Reyes (Vega de la Moraleja, Dehesa Vieja-Puente Cultural, Rosa Luxemburgo and Los Arroyos). -Tres Cantos, (Soto de Viñuelas, Zona Estación - Centro, second phase). -Alcobendas, (North, Ensanche). -Colmenar Viejo, San Crispín - La Estación Consorcio. Algete, Pedrezuela, San Agustín de Guadalix, Valdelagua, Cobeña, Valdetorres de Jarama. Call us and we will help you find the house of your dreams. The best investment options to make your money profitable"".",False,"{'typology': 'chalet', 'subTypology': 'independantHouse'}",good,1411.0,https://www.idealista.com/inmueble/82925370/,nan,https://img3.idealista.com/blur/WEB_LISTING/0/id.pro.es.image.master/52/e7/d4/607684481.jpg,San Agustin de Guadalix,False,-3.6020311,San Agustin de Guadalix,nan,chalet,False
2,Madrid,200.0,False,False,{'title': 'Terraced house'},False,4,False,nan,False,36,W-02TGV9,es,nan,549000.0,102825215,40.6794764,False,"{'hasParkingSpace': True, 'isParkingSpaceIncludedInPrice': True}",sale,"[{'name': 'luxuryType', 'text': 'Luxury'}]","Renovated house in San Agustín de Guadalix Beautiful residence in the heart of San Agustín de Guadalix, completely renovated with a covered garage and private patio. Upon entering, the first thing that catches your attention is its impressive spaciousness and brightness. To the left, you'll find a versatile living room that is currently used as an office and guest bedroom. On this same main floor, there is a complete bathroom with a shower, as well as a separate laundry room. The fantastic open-concept living-dining room and kitchen, expanded during the renovation, is characterized by its high ceilings and exposed beam, adding a distinctive touch. This space includes a cozy, efficient design fireplace that evenly distributes heat throughout the ground floor and provides access to a private patio of approximately 65 square meters, with artificial turf-covered flooring, a perfect place for family and social gatherings outdoors, adding significant value to this home. The modern fully equipped kitchen with an Italian granite countertop offers ample storage space and features a central island. From this area, you can access the spacious covered garage with space for one vehicle and a dedicated storage area. Moving up to the second floor, you'll find three spacious bedrooms, all of them with built-in closets and balconies. Additionally, on this floor, there is a spacious full bathroom with a shower that the bedrooms share. The floors are covered with gray-toned click vinyl flooring, an ideal choice for those who want to combine the elegance of wood with durability and ease of maintenance. Heating is provided by a heat pump, and there is air conditioning (A/C) in all rooms. The space under the stairs has been utilized to create a room that could be used as a storage area. In summary, this property is characterized by its comfort, spaciousness, brightness, and above all, its exceptional location in the center of San Agustín de Guadalix. It's worth mentioning the potential that the possibility of adding an additional floor offers if needed. San Agustín de Guadalix is located in the Community of Madrid, one of the 17 autonomous regions of Spain. This municipality is situated in the northern region of the Community of Madrid, near the Sierra de Guadarrama, a significant mountain range in the area. It is approximately 34 kilometers north of the center of Madrid, making it a suburb on the outskirts of the capital. San Agustín de Guadalix shares borders with several municipalities, including Colmenar Viejo to the west, Tres Cantos to the east, and Manzanares el Real to the north, among others. Access to this municipality is possible via important roads such as the A-1, which connects it to both the city of Madrid and neighboring municipalities, as well as the M-607. It also has direct bus routes that reach Plaza Castilla in about 35-40 minutes. In summary, San Agustín de Guadalix is a municipality located in the northern part of the Community of Madrid, near the capital, surrounded by other municipalities and stunning natural landscapes like the Sierra de Guadarrama.",False,"{'typology': 'chalet', 'subTypology': 'terracedHouse'}",good,2745.0,https://www.idealista.com/inmueble/102825215/,nan,https://img3.idealista.com/blur/WEB_LISTING/0/id.pro.es.image.master/bc/20/13/1196083676.jpg,San Agustin de Guadalix,False,-3.6180706,San Agustin de Guadalix,nan,chalet,False
3,Madrid,305.0,True,False,"{'title': 'Terraced house in Baleares, 50'}",False,4,False,nan,False,23,nan,es,nan,499000.0,96615196,40.6817784,True,"{'hasParkingSpace': True, 'isParkingSpaceIncludedInPrice': True}",sale,nan,"ESPACIODOBLE offers this magnificent detached house in the urbanization Los Mirlos, next to the municipal sports center and the Mercadona. If you are looking for spaciousness, comfort and tranquility this is the ideal home. It has 4 floors, which are distributed as follows: - ground floor: hall, guest toilet, kitchen with utility room and living room with terrace and access to the private garden of 50m2. - first floor: master bedroom with en suite bathroom (double basin independent of the toilet and bathtub area), two double bedrooms and a bathroom (double basin independent of the toilet and bathtub area). - Attic floor: diaphanous space in double height of 47 m2 with terrace of 20 m2 and a storage room. - basement: diaphanous space of 65 m2 for garage or multipurpose use. The house was built in 2004 and is in good condition. It has North and South orientation. The heating and hot water is individual with natural gas boiler. The common areas of the urbanization have a garden, swimming pool and changing rooms.",False,"{'typology': 'chalet', 'subTypology': 'terracedHouse'}",good,1636.0,https://www.idealista.com/inmueble/96615196/,nan,https://img3.idealista.com/blur/WEB_LISTING/0/id.pro.es.image.master/87/6c/34/577012223.jpg,"BALEARES, 50",False,-3.6204544,San Agustin de Guadalix,nan,chalet,False
3,Madrid,292.0,True,False,{'title': 'Semi-detached house in Calle Félix Cimas Prados'},False,3,False,nan,False,59,VMF2 - FÉLIX CIMAS PRADOS (2),es,nan,480000.0,103590712,40.6844183,False,"{'hasParkingSpace': True, 'isParkingSpaceIncludedInPrice': True}",sale,nan,"Semi-detached house located in the municipality of San Agustín del Guadalix, a municipality that has all types of services, shops and schools. Municipality with good communication by public transport with several intercity bus lines and a night line. It has good road communication by Highway A1 and M 104. The house is located within a gated community that has a community pool and was built in 2005. The property has 4 floors, distributed in a ground floor that has a large living room with access to a private garden, kitchen and guest toilet, the first floor has 3 bedrooms, one of them with a large dressing room and an en-suite bathroom. and another shared bathroom for the other two rooms. Completely open-plan attic and solarium with views of the countryside. Basement with garage, laundry room. Features: Wooden floors, gotelé walls, Natural Gas heating and double Climalit sliding windows. For more information or to make a visit, do not hesitate to contact us at or via email sanagustí.",False,"{'typology': 'chalet', 'subTypology': 'semidetachedHouse'}",good,1644.0,https://www.idealista.com/inmueble/103590712/,nan,https://img3.idealista.com/blur/WEB_LISTING/0/id.pro.es.image.master/0c/d6/25/1195648886.jpg,Calle Félix Cimas Prados,False,-3.6205278,San Agustin de Guadalix,nan,chalet,False
3,Madrid,219.0,True,False,{'title': 'Semi-detached house in Calle de Vicente Aleixandre'},False,4,False,nan,False,37,er494,es,nan,435000.0,99016358,40.6767256,False,"{'hasParkingSpace': True, 'isParkingSpaceIncludedInPrice': True}",sale,nan,"This villa is at Calle de Vicente Aleixandre, 28750, San Agustín del Guadalix, Madrid. It is a sunny villa, built in 1991, that has 0 m2 of which 191 m2 are useful and has 4 rooms and 3 bathrooms. It includes furnished kitchen and it includes stippled walls, aluminum windows, stairs, windows climalit, garage included, patio, wardrobe, demand, floor tiles, disabled access, dishwasher, exterior, equipped kitchen, luminous, porche, access from street, security door, corner, jardín, green area, good condition, terrace, tv antenna, pareado, heating oil and parking.",False,"{'typology': 'chalet', 'subTypology': 'semidetachedHouse'}",good,1986.0,https://www.idealista.com/inmueble/99016358/,nan,https://img3.idealista.com/blur/WEB_LISTING/0/id.pro.es.image.master/aa/4a/18/1031525283.jpg,Calle de Vicente Aleixandre,False,-3.6196855,San Agustin de Guadalix,nan,chalet,False
4,Madrid,219.0,True,False,{'title': 'Semi-detached house'},False,4,False,nan,False,24,nan,es,nan,599000.0,103840397,40.678207,False,"{'hasParkingSpace': True, 'isParkingSpaceIncludedInPrice': True}",sale,"[{'name': 'luxuryType', 'text': 'Luxury'}]","ATRESHOME presents this exceptional residence located in one of the most outstanding urbanizations in San Agustín de Guadalix, with captivating views of the mountains. On the main floor, you will find a spacious and pleasant kitchen with dining area, with seating for 6 people, an elegant bathroom and a separate laundry area. From the cozy entrance hall, there is direct access to the garage, currently converted into a modern two-story apartment with a bathroom and completely independent kitchen. With a simple adaptation, it can be restored to its original configuration as a two-car garage and a large storage room. The heart of this exclusive residence is located on the main floor, where a spacious living-dining room is highlighted by its charming panoramic cassette fireplace. From this space, you access the elegant garden with a 50m2 lawn area and a 48m2 paved area, complemented by a 25m2 covered pergola. This outdoor oasis also has access to the guest bathroom, with the possibility of adding a pool, further raising the level of exclusivity. The second floor houses two spacious bedrooms that share a large bathroom, along with the master bedroom suite, which includes a private balcony with captivating views. This residence not only stands out for its design, but also offers modern comforts, such as heat pump heating and air conditioning in all rooms. In addition, heating and hot water are supplied by Natural Gas, guaranteeing efficiency and comfort at all times. ATRESHOME invites you to discover the exclusivity and sophistication in every corner of this unique property.",False,"{'typology': 'chalet', 'subTypology': 'semidetachedHouse'}",good,2735.0,https://www.idealista.com/inmueble/103840397/,nan,https://img3.idealista.com/blur/WEB_LISTING/0/id.pro.es.image.master/85/e6/22/1201838457.jpg,San Agustin de Guadalix,False,-3.6180137,San Agustin de Guadalix,nan,chalet,False
3,Madrid,270.0,True,False,{'title': 'Terraced house in Antonio Machado'},True,4,False,nan,False,42,007,es,nan,400000.0,99961489,40.6765283,False,"{'hasParkingSpace': True, 'isParkingSpaceIncludedInPrice': True}",sale,nan,"COZY HOUSING IN SAN AGUSTÍN DEL GUADALIX If what you are looking for is quality, this is your home! Its quiet environment will give you radiant sunrises and wonderful sunsets. Natural inspiration to give it the personal touch you want. C.A HOMES DOES NOT CHARGE FEES TO THE BUYER THIS HOUSE: It is located in an area that is very accessible to all the services that the town offers without having to take the car. IT IS IMPORTANT TO HIGHLIGHT THAT: This chalet is preserved from its origin, that is, no renovation has been carried out, except for a couple of windows, which shows the excellent quality of construction and the impeccable condition in which it is located.You will see the amount of possibilities you have when it comes to reforming and leaving it to your liking.It is made up of three floors, built of top quality exposed brick, which makes it a safe building, with good cold and heat insulation and at the same time remains aesthetically impeccable in terms of the façade, because here you will forget about the annoying renovations caused by rain and various adversities of the weather. DISTRIBUTION Low level: At the entrance we find a glazed porch, a bathroom, to the right, the living-dining room and facing the kitchen. Living room - Dining room: It has a fireplace and large spaces, cozy, bright, and direct access to the garden. Kitchen: Independent, Ideal for sharing those family breakfasts that we like so much.Completely equipped and window to the garden. First floor: Here we have the main room, full of natural light, with a large bathroom incorporated into it, a dressing room, and a 7m2 terrace. Three more large bedrooms, one of them with a beautiful 10m2 terrace.We also have a complete bathroom.All rooms have windows facing the street or garden and large built-in wardrobes. Attic: 62m2 of attic plus a 5m2 storage room, an ideal place, full of possibilities that you can take advantage of in different ways. Terrace with direct access to the pool. COMMUNICATIONS: San Agustín is a highly valued municipality in Madrid, buying here is always a safe investment due to its high demand for housing.A very few kilometers from San Sebastián de los Reyes, Alcobendas and Madrid on the A-1 Highway by car and with several bus lines that leave and go directly to the Plaza Castilla interchange. SCHOOLS: It has two public schools and an Institute within the town, very close to it there are very important private schools such as SEK in Ciudalcampo and TRINITY COLLE in Club de Campo. HOSPITALS AND HEALTH CENTERS: It has a Health Center and Pediatric Service. LEISURE: Here you are guaranteed fun! You can do spectacular hiking routes, bike rides, quad rides, picnics on the banks of the Guadalix River, etc., etc. TRADE: It has a Mercadona, Día, Ahorramas and Hiber supermarket.Banks, clothing stores, Notary Office, Property Registry, stationery stores, butchers, fishmongers and a wide variety of notable cafes and restaurants such as El Araceli and Juaneca.",False,"{'typology': 'chalet', 'subTypology': 'terracedHouse'}",good,1481.0,https://www.idealista.com/inmueble/99961489/,nan,https://img3.idealista.com/blur/WEB_LISTING/0/id.pro.es.image.master/3b/a2/6d/1062485260.jpg,Antonio Machado,False,-3.6176638,San Agustin de Guadalix,nan,chalet,False
4,Madrid,430.0,True,False,"{'title': 'Detached house in Calle de las Moreras, 243'}",False,5,False,nan,False,68,nan,es,nan,1150000.0,102327702,40.6788466,True,"{'hasParkingSpace': True, 'isParkingSpaceIncludedInPrice': True}",sale,"[{'name': 'luxuryType', 'text': 'Luxury'}, {'name': 'villaType', 'text': 'Villa'}]","VSL.PROPERTIES, sells an IMPRESSIVE INDEPENDENT CHALET, in one of the most sought-after urbanizations in Madrid.Absolutely private and that stands out for its security measures (24 hours) and for its sports facilities. Very cozy property, with lots of light, very wide spaces, in very good condition, with good construction qualities.Its wonderful distribution on 2 floors allows you to enjoy all the spaces of the property, and is distributed as follows: MAIN FLOOR: Large entrance hall that distributes the rest of the rooms, such as a spacious living room with a fireplace and access to a magnificent porch and the garden, a separate dining room also with access to the porch, a large kitchen with an office, laundry room and iron, courtesy toilet, pantry, guest bedroom, bathroom and boiler room. FIRST FLOOR: Four bedrooms, full bathroom with jacuzzi, master bedroom with dressing room, bathroom en suite and terrace.From this floor there is access to the attic, currently used as a storage room, but with the possibility of being enabled. In the outdoor area, we find a large barbecue area to enjoy, a large pool, ideal for swimming, it is in perfect condition and has a built-in staircase, it is heated and glazed in winter and night lighting.It also has a chill out bar area, to enjoy it all year round. The access to the house has an automatic door that leads to the garage, also with an automatic door for vehicles with space for 2 cars, and space on the plot for more cars.Its well-kept lawn, the lush grove with both deciduous and evergreen specimens, holm oaks, fig trees, quince trees and the large fir trees that not only provide shade, but also a high level of privacy, stand out.The entire garden has automatic irrigation. Valdelagua is a totally private urbanization with access control restricted only to the neighbors, video surveillance and 24 hour security.It is considered one of the best residential areas of Madrid, located next to the Cuenca Alta del Manzanares Regional Park, in the municipalities of San Agustín del Guadalix and Colmenar Viejo, in a privileged environment, with impressive views of the northern mountains of Madrid. with quick access at km 30 of the N-1, just 20 minutes from the center of Madrid and in the proximity of all kinds of services and leisure areas.Within the urbanization there are common areas for the owners that include a social club, bar/restaurant, swimming pool, children's area and tennis, paddle tennis and soccer courts.",False,"{'typology': 'chalet', 'subTypology': 'independantHouse'}",good,2674.0,https://www.idealista.com/inmueble/102327702/,nan,https://img3.idealista.com/blur/WEB_LISTING/0/id.pro.es.image.master/06/70/cd/1187339238.jpg,"Calle de las Moreras, 243",False,-3.6163061,San Agustin de Guadalix,nan,chalet,False
2,Madrid,108.0,False,False,{'title': 'Flat in Calle Ventosilla'},False,4,False,True,False,21,VMF2 - VENTOSILLA (13),es,False,184000.0,103832339,40.6796171,False,nan,sale,nan,"Housing located in San Agustín del Guadalix, next to all types of services, shops, bilingual schools and institute. The municipality has good communication by public transport with several intercity bus lines and a night line. It has good road communication by Highway A-1 and M 104. The apartment has 108 m2 built, distributed in 4 bedrooms, three of them doubles, living room, kitchen with access to a glazed drying terrace, bathroom with shower and toilet. The house is in good condition and has electric heating, A/C in the living room with heat pump, double glazed tilt-and-turn PVC windows, wooden and stoneware floors, Sapely, the property has Natural Gas. The property is located on the first floor of a building without an elevator. For more information or to make a visit, do not hesitate to contact us at or via email sanagustí.",False,{'typology': 'flat'},good,1704.0,https://www.idealista.com/inmueble/103832339/,nan,https://img3.idealista.com/blur/WEB_LISTING/0/id.pro.es.image.master/db/47/51/1201606274.jpg,Calle Ventosilla,False,-3.6177708,San Agustin de Guadalix,1,flat,False
2,Madrid,134.0,True,False,"{'title': 'Flat in Avenida de Madrid, 34'}",True,3,False,True,False,9,nan,es,True,394750.0,102770719,40.6863069,True,"{'hasParkingSpace': True, 'isParkingSpaceIncludedInPrice': True}",sale,nan,"ADVANCED CONSTRUCTION. Spacious 3 and 4 bedroom apartments in a private urbanization with a large amount of common areas. Spacious homes of more than 100m2 that give you the space you need to live and enjoy to the fullest. They all have large terraces, furnished and equipped kitchens, as well as a garage and storage room included in the price. The development is located in a private urbanization equipped with a checkpoint, swimming pools, solarium, children's area, multi-sports court, multipurpose room, garden area and concierge so you can enjoy all the comforts. Buy new construction homes in Madrid in San Agustín del Guadalix (Madrid). Just 10 minutes walk from the urban center of San Agustín de Guadalix and all commercial, healthcare, educational, sports, restaurant, etc. services. , offered by the municipality. In a privileged environmental environment, very close to San Sebastián de los Reyes and Alcobendas and a stone's throw from Madrid. With the best connections by public and private transport, quick access via the A-1 and the M-104. *Some homes may have a third garage space attached, not included in the price and subject to 21% VAT. Your new apartment in San Agustín del Guadalix, with everything you need.",True,{'typology': 'flat'},newdevelopment,2946.0,https://www.idealista.com/obra-nueva/102770719/,False,https://img3.idealista.com/blur/WEB_LISTING/0/id.pro.es.image.master/7c/ff/31/1114749147.jpg,"Avenida de Madrid, 34",False,-3.6106324,San Agustin de Guadalix,1,flat,False
1,Madrid,69.0,True,False,"{'title': 'Flat in Calle de la Era de Postas, 4'}",False,1,False,True,False,7,1 1ºB,es,True,194900.0,103444938,40.6773886,True,nan,sale,nan,"New Construction Promotion of 14 homes with 1 and 2 bedrooms with Terrace. Located in the municipality of San Agustín del Guadalix, located in the Sierra Norte in a privileged residential environment, specifically in the urban center. It has all the commercial, healthcare, educational, sports and restaurant services offered by the municipality. It offers the best public and private transport connections, quick access to the A-1 and N-104. A sustainable home, where nature is incredibly breathable in a pleasant environment. With a functional, efficient, modern design and the necessary comforts of a home. Designed seeking greater efficiency for low energy consumption, favoring the rational use of energy and at the same time taking care of the environment, quality and climatic comfort within the home with underfloor heating and cooling through Aerothermal. The energy classification is A. ''The surfaces presented in the delivered plans are approximate, the final ones will be those resulting from the execution of the work. The kitchen furniture and the layout of the toilets may vary depending on the final assembly. The home is delivered only with the furniture and appliances that appear in the quality report. In general, infographics and plans are subject to possible technical modifications.",True,{'typology': 'flat'},newdevelopment,2825.0,https://www.idealista.com/obra-nueva/103444938/,False,https://img3.idealista.com/blur/WEB_LISTING/0/id.pro.es.image.master/6b/16/66/1189707947.jpg,"Calle de la Era de Postas, 4",False,-3.6152702,San Agustin de Guadalix,1,flat,False
2,Madrid,136.0,True,False,"{'title': 'Flat in Avenida de Madrid, 34'}",True,3,False,True,False,9,nan,es,True,389750.0,101216921,40.6863069,True,"{'hasParkingSpace': True, 'isParkingSpaceIncludedInPrice': True}",sale,nan,"ADVANCED CONSTRUCTION. Spacious 3 and 4 bedroom apartments in a private urbanization with a large amount of common areas. Spacious homes of more than 100m2 that give you the space you need to live and enjoy to the fullest. They all have large terraces, furnished and equipped kitchens, as well as a garage and storage room included in the price. The development is located in a private urbanization equipped with a checkpoint, swimming pools, solarium, children's area, multi-sports court, multipurpose room, garden area and concierge so you can enjoy all the comforts. Buy new construction homes in Madrid in San Agustín del Guadalix (Madrid). Just 10 minutes walk from the urban center of San Agustín de Guadalix and all commercial, healthcare, educational, sports, restaurant, etc. services. , offered by the municipality. In a privileged environmental environment, very close to San Sebastián de los Reyes and Alcobendas and a stone's throw from Madrid. With the best connections by public and private transport, quick access via the A-1 and the M-104. *Some homes may have a third garage space attached, not included in the price and subject to 21% VAT. Your new apartment in San Agustín del Guadalix, with everything you need.",True,{'typology': 'flat'},newdevelopment,2866.0,https://www.idealista.com/obra-nueva/101216921/,False,https://img3.idealista.com/blur/WEB_LISTING/0/id.pro.es.image.master/68/b4/7f/1114749479.jpg,"Avenida de Madrid, 34",False,-3.6106324,San Agustin de Guadalix,2,flat,False
1,Madrid,79.0,True,False,"{'title': 'Penthouse in Calle de la Era de Postas, 4'}",False,1,False,True,False,7,1 ÁTICO A,es,True,239900.0,103444934,40.6773886,True,nan,sale,nan,"New Construction Promotion of 14 homes with 1 and 2 bedrooms with Terrace. Located in the municipality of San Agustín del Guadalix, located in the Sierra Norte in a privileged residential environment, specifically in the urban center. It has all the commercial, healthcare, educational, sports and restaurant services offered by the municipality. It offers the best public and private transport connections, quick access to the A-1 and N-104. A sustainable home, where nature is incredibly breathable in a pleasant environment. With a functional, efficient, modern design and the necessary comforts of a home. Designed seeking greater efficiency for low energy consumption, favoring the rational use of energy and at the same time taking care of the environment, quality and climatic comfort within the home with underfloor heating and cooling through Aerothermal. The energy classification is A. ''The surfaces presented in the delivered plans are approximate, the final ones will be those resulting from the execution of the work. The kitchen furniture and the layout of the toilets may vary depending on the final assembly. The home is delivered only with the furniture and appliances that appear in the quality report. In general, infographics and plans are subject to possible technical modifications.",True,"{'typology': 'flat', 'subTypology': 'penthouse'}",newdevelopment,3037.0,https://www.idealista.com/obra-nueva/103444934/,False,https://img3.idealista.com/blur/WEB_LISTING/0/id.pro.es.image.master/aa/73/b8/1189707659.jpg,"Calle de la Era de Postas, 4",False,-3.6152702,San Agustin de Guadalix,3,penthouse,False
2,Madrid,88.0,True,False,"{'title': 'Flat in Calle de la Era de Postas, 4'}",False,2,False,True,False,7,1 2ºA,es,True,269900.0,103444946,40.6773886,True,nan,sale,nan,"New Construction Promotion of 14 homes with 1 and 2 bedrooms with Terrace. Located in the municipality of San Agustín del Guadalix, located in the Sierra Norte in a privileged residential environment, specifically in the urban center. It has all the commercial, healthcare, educational, sports and restaurant services offered by the municipality. It offers the best public and private transport connections, quick access to the A-1 and N-104. A sustainable home, where nature is incredibly breathable in a pleasant environment. With a functional, efficient, modern design and the necessary comforts of a home. Designed seeking greater efficiency for low energy consumption, favoring the rational use of energy and at the same time taking care of the environment, quality and climatic comfort within the home with underfloor heating and cooling through Aerothermal. The energy classification is A. ''The surfaces presented in the delivered plans are approximate, the final ones will be those resulting from the execution of the work. The kitchen furniture and the layout of the toilets may vary depending on the final assembly. The home is delivered only with the furniture and appliances that appear in the quality report. In general, infographics and plans are subject to possible technical modifications.",True,{'typology': 'flat'},newdevelopment,3067.0,https://www.idealista.com/obra-nueva/103444946/,False,https://img3.idealista.com/blur/WEB_LISTING/0/id.pro.es.image.master/10/92/b2/1189707991.jpg,"Calle de la Era de Postas, 4",False,-3.6152702,San Agustin de Guadalix,2,flat,False
2,Madrid,80.0,True,False,"{'title': 'Flat in Calle de la Era de Postas, 4'}",False,2,False,True,False,7,1-Bajo A,es,True,219900.0,103444832,40.6773886,True,nan,sale,nan,"New Construction Promotion of 14 homes with 1 and 2 bedrooms with Terrace. Located in the municipality of San Agustín del Guadalix, located in the Sierra Norte in a privileged residential environment, specifically in the urban center. It has all the commercial, healthcare, educational, sports and restaurant services offered by the municipality. It offers the best public and private transport connections, quick access to the A-1 and N-104. A sustainable home, where nature is incredibly breathable in a pleasant environment. With a functional, efficient, modern design and the necessary comforts of a home. Designed seeking greater efficiency for low energy consumption, favoring the rational use of energy and at the same time taking care of the environment, quality and climatic comfort within the home with underfloor heating and cooling through Aerothermal. The energy classification is A. ''The surfaces presented in the delivered plans are approximate, the final ones will be those resulting from the execution of the work. The kitchen furniture and the layout of the toilets may vary depending on the final assembly. The home is delivered only with the furniture and appliances that appear in the quality report. In general, infographics and plans are subject to possible technical modifications.",True,{'typology': 'flat'},newdevelopment,2749.0,https://www.idealista.com/obra-nueva/103444832/,False,https://img3.idealista.com/blur/WEB_LISTING/0/id.pro.es.image.master/4f/10/49/1189708019.jpg,"Calle de la Era de Postas, 4",False,-3.6152702,San Agustin de Guadalix,bj,flat,False
1,Madrid,69.0,True,False,"{'title': 'Flat in Calle de la Era de Postas, 4'}",False,1,False,True,False,7,4-Bajo B,es,True,184900.0,103444653,40.6773886,True,nan,sale,nan,"LAST UNITS! New Construction Promotion of 14 homes with 1 and 2 bedrooms with Terrace. Located in the municipality of San Agustín del Guadalix, located in the Sierra Norte in a privileged residential environment, specifically in the urban center. It has all the commercial, healthcare, educational, sports and restaurant services offered by the municipality. It offers the best public and private transport connections, quick access to the A-1 and N-104. A sustainable home, where nature is incredibly breathable in a pleasant environment. With a functional, efficient, modern design and the necessary comforts of a home. Designed seeking greater efficiency for low energy consumption, favoring the rational use of energy and at the same time taking care of the environment, quality and climatic comfort within the home with underfloor heating and cooling through Aerothermal. The energy classification is A. ''The surfaces presented in the delivered plans are approximate, the final ones will be those resulting from the execution of the work. The kitchen furniture and the layout of the toilets may vary depending on the final assembly. The home is delivered only with the furniture and appliances that appear in the quality report. In general, infographics and plans are subject to possible technical modifications. *To these prices without VAT, the VAT rate in force at the time of making the purchase and/or the tax in force at that time must be added.",True,{'typology': 'flat'},newdevelopment,2680.0,https://www.idealista.com/obra-nueva/103444653/,False,https://img3.idealista.com/blur/WEB_LISTING/0/id.pro.es.image.master/aa/73/b8/1189707659.jpg,"Calle de la Era de Postas, 4",False,-3.6152702,San Agustin de Guadalix,bj,flat,False
2,Madrid,138.0,True,False,"{'title': 'Flat in Avenida de Madrid, 34'}",True,3,False,True,False,9,nan,es,True,393750.0,102851942,40.6863069,True,"{'hasParkingSpace': True, 'isParkingSpaceIncludedInPrice': True}",sale,nan,"ADVANCED CONSTRUCTION. Spacious 3 and 4 bedroom apartments in a private urbanization with a large amount of common areas. Spacious homes of more than 100m2 that give you the space you need to live and enjoy to the fullest. They all have large terraces, furnished and equipped kitchens, as well as a garage and storage room included in the price. The development is located in a private urbanization equipped with a checkpoint, swimming pools, solarium, children's area, multi-sports court, multipurpose room, garden area and concierge so you can enjoy all the comforts. Buy new construction homes in Madrid in San Agustín del Guadalix (Madrid). Just 10 minutes walk from the urban center of San Agustín de Guadalix and all commercial, healthcare, educational, sports, restaurant, etc. services. , offered by the municipality. In a privileged environmental environment, very close to San Sebastián de los Reyes and Alcobendas and a stone's throw from Madrid. With the best connections by public and private transport, quick access via the A-1 and the M-104. *Some homes may have a third garage space attached, not included in the price and subject to 21% VAT. Your new apartment in San Agustín del Guadalix, with everything you need.",True,{'typology': 'flat'},newdevelopment,2853.0,https://www.idealista.com/obra-nueva/102851942/,False,https://img3.idealista.com/blur/WEB_LISTING/0/id.pro.es.image.master/b8/83/9c/1114749146.jpg,"Avenida de Madrid, 34",False,-3.6106324,San Agustin de Guadalix,1,flat,False
2,Madrid,88.0,True,False,"{'title': 'Flat in Calle de la Era de Postas, 4'}",False,2,False,True,False,7,1 1ºA,es,True,259900.0,103444903,40.6773886,True,nan,sale,nan,"New Construction Promotion of 14 homes with 1 and 2 bedrooms with Terrace. Located in the municipality of San Agustín del Guadalix, located in the Sierra Norte in a privileged residential environment, specifically in the urban center. It has all the commercial, healthcare, educational, sports and restaurant services offered by the municipality. It offers the best public and private transport connections, quick access to the A-1 and N-104. A sustainable home, where nature is incredibly breathable in a pleasant environment. With a functional, efficient, modern design and the necessary comforts of a home. Designed seeking greater efficiency for low energy consumption, favoring the rational use of energy and at the same time taking care of the environment, quality and climatic comfort within the home with underfloor heating and cooling through Aerothermal. The energy classification is A. ''The surfaces presented in the delivered plans are approximate, the final ones will be those resulting from the execution of the work. The kitchen furniture and the layout of the toilets may vary depending on the final assembly. The home is delivered only with the furniture and appliances that appear in the quality report. In general, infographics and plans are subject to possible technical modifications.",True,{'typology': 'flat'},newdevelopment,2953.0,https://www.idealista.com/obra-nueva/103444903/,False,https://img3.idealista.com/blur/WEB_LISTING/0/id.pro.es.image.master/4f/10/49/1189708019.jpg,"Calle de la Era de Postas, 4",False,-3.6152702,San Agustin de Guadalix,1,flat,False
2,Madrid,112.0,True,False,"{'title': 'Flat in Calle Antonio Diaz Miguel, 1'}",False,3,False,True,False,6,P4 1ºC,es,True,370000.0,100492462,40.68163,True,"{'hasParkingSpace': True, 'isParkingSpaceIncludedInPrice': True}",sale,nan,"EXCLUSIVE PROMOTION IN SAN AGUSTIN DEL GUADALIX Montevirey presents its new promotion in San Agustín del Guadalix. The project is made up of 33 homes with 3 and 4 bedrooms.Ground floors with a large garden and dream penthouses, all homes with terraces. The urbanization has a swimming pool and a gym equipped with a sauna.The houses have two parking spaces and a storage room included in the price. The houses are equipped with the latest technology in air conditioning systems, Aerothermal with hot underfloor heating in winter and cooling floor in summer. The elegant and modern design of the urbanization, together with the development of the project in search of maximum energy efficiency through the equipment of the building, make Residencial Moncalvillo II the best choice to enjoy your new home. Exclusive area for location and tranquility with bus service just 5 minutes walk away, close to all services (supermarkets, study centers, nursery schools, health center...) The homes include a fully furnished kitchen with electrical appliances, where quality is present in all its finishes. PRICE WITHOUT VAT.",True,{'typology': 'flat'},newdevelopment,3304.0,https://www.idealista.com/obra-nueva/100492462/,False,https://img3.idealista.com/blur/WEB_LISTING/0/id.pro.es.image.master/39/cb/01/1090412824.jpg,"Calle Antonio Diaz Miguel, 1",False,-3.62179,San Agustin de Guadalix,1,flat,False
1,Madrid,82.0,False,False,{'title': 'Flat in Avenida de Madrid'},False,2,False,True,False,36,nan,es,False,179000.0,103333827,40.6782443,False,nan,sale,nan,"""My Project"" sells a FULLY RENOVATED exterior apartment, on the third floor, consisting of a large, very bright living room, with a terrace, kitchen, two large bedrooms and a full bathroom. The apartment belongs to a community of neighbors, which is in excellent condition.It has free parking areas, which allows you to enter with several cars, including those for visitors. In addition, the Community has a beautiful and very large swimming pool, in a common area with grass. It is located in a commercial area, with all the services at your disposal, surrounded by shops, banks, supermarkets, schools, institutes, pharmacies and a health center. The apartment is located on Avenida Madrid (main avenue of San Agustín de Guadalix), next to the bus stop and a few meters from the exit to the A1. For those who don't know, San Agustín de Guadalix is ​​located in the Community of Madrid, one of the 17 autonomous regions of Spain. This municipality is located in the northern region of the Community of Madrid, in the vicinity of the Sierra de Guadarrama, a relevant mountain range in the area.It is located 34 kilometers north of the center of Madrid, which makes it an enclave on the outskirts of the capital. San Agustín de Guadalix borders several municipalities, including Colmenar Viejo to the west, Tres Cantos to the east, and Manzanares el Real to the north among others. Access to this municipality is possible through important roads such as the A-1, which connects it both with the city of Madrid and with other nearby municipalities, in addition to the M-607.It also has direct bus routes that reach Plaza Castilla in about 35-40 minutes.It is located 16 km from San Sebastián de los Reyes (area of ​​important shopping centers such as IKEA, Leroy Merlín, Plaza Norte 2, Decathlon, etc.) and 21 km from Alcobendas. In summary, San Agustín de Guadalix is ​​a municipality located in the northern area of ​​the Community of Madrid, near the capital, surrounded by other municipalities and impressive natural landscapes such as the Sierra de Guadarrama.",False,{'typology': 'flat'},good,2183.0,https://www.idealista.com/inmueble/103333827/,nan,https://img3.idealista.com/blur/WEB_LISTING/0/id.pro.es.image.master/e6/fc/e2/1186209072.jpg,Avenida de Madrid,False,-3.6117557,San Agustin de Guadalix,3,flat,False
2,Madrid,136.0,True,False,"{'title': 'Flat in Avenida de Madrid, 34'}",True,3,False,True,False,9,nan,es,True,392750.0,102851921,40.6863069,True,"{'hasParkingSpace': True, 'isParkingSpaceIncludedInPrice': True}",sale,nan,"ADVANCED CONSTRUCTION. Spacious 3 and 4 bedroom apartments in a private urbanization with a large amount of common areas. Spacious homes of more than 100m2 that give you the space you need to live and enjoy to the fullest. They all have large terraces, furnished and equipped kitchens, as well as a garage and storage room included in the price. The development is located in a private urbanization equipped with a checkpoint, swimming pools, solarium, children's area, multi-sports court, multipurpose room, garden area and concierge so you can enjoy all the comforts. Buy new construction homes in Madrid in San Agustín del Guadalix (Madrid). Just 10 minutes walk from the urban center of San Agustín de Guadalix and all commercial, healthcare, educational, sports, restaurant, etc. services. , offered by the municipality. In a privileged environmental environment, very close to San Sebastián de los Reyes and Alcobendas and a stone's throw from Madrid. With the best connections by public and private transport, quick access via the A-1 and the M-104. *Some homes may have a third garage space attached, not included in the price and subject to 21% VAT. Your new apartment in San Agustín del Guadalix, with everything you need.",True,{'typology': 'flat'},newdevelopment,2888.0,https://www.idealista.com/obra-nueva/102851921/,False,https://img3.idealista.com/blur/WEB_LISTING/0/id.pro.es.image.master/84/66/ff/1114749145.jpg,"Avenida de Madrid, 34",False,-3.6106324,San Agustin de Guadalix,1,flat,False
1,Madrid,69.0,True,False,"{'title': 'Flat in Calle de la Era de Postas, 4'}",False,1,False,True,False,7,4-1º A,es,True,199900.0,103444676,40.6773886,True,nan,sale,nan,"New Construction Promotion of 14 homes with 1 and 2 bedrooms with Terrace. Located in the municipality of San Agustín del Guadalix, located in the Sierra Norte in a privileged residential environment, specifically in the urban center. It has all the commercial, healthcare, educational, sports and restaurant services offered by the municipality. It offers the best public and private transport connections, quick access to the A-1 and N-104. A sustainable home, where nature is incredibly breathable in a pleasant environment. With a functional, efficient, modern design and the necessary comforts of a home. Designed seeking greater efficiency for low energy consumption, favoring the rational use of energy and at the same time taking care of the environment, quality and climatic comfort within the home with underfloor heating and cooling through Aerothermal. The energy classification is A. ''The surfaces presented in the delivered plans are approximate, the final ones will be those resulting from the execution of the work. The kitchen furniture and the layout of the toilets may vary depending on the final assembly. The home is delivered only with the furniture and appliances that appear in the quality report. In general, infographics and plans are subject to possible technical modifications.",True,{'typology': 'flat'},newdevelopment,2897.0,https://www.idealista.com/obra-nueva/103444676/,False,https://img3.idealista.com/blur/WEB_LISTING/0/id.pro.es.image.master/10/92/b2/1189707991.jpg,"Calle de la Era de Postas, 4",False,-3.6152702,San Agustin de Guadalix,1,flat,False
3,Madrid,312.0,True,False,"{'title': 'Terraced house in Avenida de Madrid, 34'}",True,4,False,nan,False,9,4,es,nan,592550.0,101217033,40.6863639,True,"{'hasParkingSpace': True, 'isParkingSpaceIncludedInPrice': True}",sale,"[{'name': 'luxuryType', 'text': 'Luxury'}]","ADVANCED CONSTRUCTION. Spacious 4-bedroom chalets in a private urbanization with complete common areas. Chalets of more than 240m2 that will allow you to enjoy generous spaces where every corner provides you with the necessary space to meet the needs of your entire family. The detached chalets, all with 4 bedrooms, have spacious and bright rooms with furnished and equipped kitchens, underfloor heating, pre-installation of air conditioning, fireplace and electric car charging point. The promotion is located in a private urbanization with swimming pools, solarium, barbecue and garden area.",True,"{'typology': 'chalet', 'subTypology': 'terracedHouse'}",newdevelopment,1899.0,https://www.idealista.com/obra-nueva/101217033/,False,https://img3.idealista.com/blur/WEB_LISTING/0/id.pro.es.image.master/4f/ea/87/1114759589.jpg,"Avenida de Madrid, 34",False,-3.6105787,San Agustin de Guadalix,nan,chalet,False
3,Madrid,312.0,True,False,"{'title': 'Terraced house in Avenida de Madrid, 34'}",True,4,False,nan,False,9,6,es,nan,594550.0,101217059,40.6863639,True,"{'hasParkingSpace': True, 'isParkingSpaceIncludedInPrice': True}",sale,"[{'name': 'luxuryType', 'text': 'Luxury'}]","4-bedroom chalets in a private urbanization with complete common areas. In a privileged environmental environment, very close to San Sebastián de los Reyes and Alcobendas and a step away from Madrid. Just 10 minutes walk from the urban center of San Agustín de Guadalix and all the commercial, welfare, educational, sports, catering, etc. services offered by the municipality.   Single-family chalets with up to 4 bedrooms with spacious, bright and well-distributed rooms. With furnished and equipped kitchens, underfloor heating and pre-installation for air conditioning, fireplace and electric car charging point. In a private residential complex with gardens and community pool. Buy a new construction villa in Madrid in San Agustín del Guadalix. With the best connections by public and private transport, quick access through the A-1 and the M-104. *Some homes may have a third garage space attached, not included in the price and subject to 21% VAT. Your new villa in San Agustín del Guadalix, everything you need.",True,"{'typology': 'chalet', 'subTypology': 'terracedHouse'}",newdevelopment,1906.0,https://www.idealista.com/obra-nueva/101217059/,False,https://img3.idealista.com/blur/WEB_LISTING/0/id.pro.es.image.master/39/6e/19/1114759590.jpg,"Avenida de Madrid, 34",False,-3.6105787,San Agustin de Guadalix,nan,chalet,False
3,Madrid,312.0,True,False,"{'title': 'Terraced house in Avenida de Madrid, 34'}",True,4,False,nan,False,9,12,es,nan,596550.0,101217060,40.6863639,True,"{'hasParkingSpace': True, 'isParkingSpaceIncludedInPrice': True}",sale,"[{'name': 'luxuryType', 'text': 'Luxury'}]","4-bedroom chalets in a private urbanization with complete common areas. In a privileged environmental environment, very close to San Sebastián de los Reyes and Alcobendas and a step away from Madrid. Just 10 minutes walk from the urban center of San Agustín de Guadalix and all the commercial, welfare, educational, sports, catering, etc. services offered by the municipality.   Single-family chalets with up to 4 bedrooms with spacious, bright and well-distributed rooms. With furnished and equipped kitchens, underfloor heating and pre-installation for air conditioning, fireplace and electric car charging point. In a private residential complex with gardens and community pool. Buy a new construction villa in Madrid in San Agustín del Guadalix. With the best connections by public and private transport, quick access through the A-1 and the M-104. *Some homes may have a third garage space attached, not included in the price and subject to 21% VAT. Your new villa in San Agustín del Guadalix, everything you need.",True,"{'typology': 'chalet', 'subTypology': 'terracedHouse'}",newdevelopment,1912.0,https://www.idealista.com/obra-nueva/101217060/,False,https://img3.idealista.com/blur/WEB_LISTING/0/id.pro.es.image.master/eb/2a/db/1114759591.jpg,"Avenida de Madrid, 34",False,-3.6105787,San Agustin de Guadalix,nan,chalet,False
3,Madrid,312.0,True,False,"{'title': 'Terraced house in Avenida de Madrid, 34'}",True,4,False,nan,False,9,2,es,nan,598550.0,101217080,40.6863639,True,"{'hasParkingSpace': True, 'isParkingSpaceIncludedInPrice': True}",sale,"[{'name': 'luxuryType', 'text': 'Luxury'}]","4-bedroom chalets in a private urbanization with complete common areas. In a privileged environmental environment, very close to San Sebastián de los Reyes and Alcobendas and a step away from Madrid. Just 10 minutes walk from the urban center of San Agustín de Guadalix and all the commercial, welfare, educational, sports, catering, etc. services offered by the municipality.   Single-family chalets with up to 4 bedrooms with spacious, bright and well-distributed rooms. With furnished and equipped kitchens, underfloor heating and pre-installation for air conditioning, fireplace and electric car charging point. In a private residential complex with gardens and community pool. Buy a new construction villa in Madrid in San Agustín del Guadalix. With the best connections by public and private transport, quick access through the A-1 and the M-104. *Some homes may have a third garage space attached, not included in the price and subject to 21% VAT. Your new villa in San Agustín del Guadalix, everything you need.",True,"{'typology': 'chalet', 'subTypology': 'terracedHouse'}",newdevelopment,1918.0,https://www.idealista.com/obra-nueva/101217080/,False,https://img3.idealista.com/blur/WEB_LISTING/0/id.pro.es.image.master/3b/27/78/1114759627.jpg,"Avenida de Madrid, 34",False,-3.6105787,San Agustin de Guadalix,nan,chalet,False
3,Madrid,312.0,True,False,"{'title': 'Terraced house in Avenida de Madrid, 34'}",True,4,False,nan,False,9,9,es,nan,596550.0,101217079,40.6863639,True,"{'hasParkingSpace': True, 'isParkingSpaceIncludedInPrice': True}",sale,"[{'name': 'luxuryType', 'text': 'Luxury'}]","ADVANCED CONSTRUCTION. Spacious 4-bedroom chalets in a private urbanization with complete common areas. Chalets of more than 240m2 that will allow you to enjoy generous spaces where every corner provides you with the necessary space to meet the needs of your entire family. The detached chalets, all with 4 bedrooms, have spacious and bright rooms with furnished and equipped kitchens, underfloor heating, pre-installation of air conditioning, fireplace and electric car charging point. The promotion is located in a private urbanization with swimming pools, solarium, barbecue and garden area.",True,"{'typology': 'chalet', 'subTypology': 'terracedHouse'}",newdevelopment,1912.0,https://www.idealista.com/obra-nueva/101217079/,False,https://img3.idealista.com/blur/WEB_LISTING/0/id.pro.es.image.master/31/9f/5f/1114759626.jpg,"Avenida de Madrid, 34",False,-3.6105787,San Agustin de Guadalix,nan,chalet,False
2,Madrid,190.0,False,False,"{'title': 'Terraced house in Nueva era de postas, 3'}",False,4,False,nan,False,79,M006,es,nan,360000.0,103174065,40.6772995,True,"{'hasParkingSpace': True, 'isParkingSpaceIncludedInPrice': True}",sale,nan,"VISIT WITHOUT COMMITMENT. WE DO NOT CHARGE FEES TO THE BUYER. Authorized agents of Nationale Nederlanden and ING. We manage your mortgage at no additional cost. Large semi-detached single-family home of 190 m2 for sale. It consists of 5 floors and is located in a private community in San Agustín del Guadalix, just 20 minutes from Madrid capital. It is sold fully furnished and ready to move into. The main floor has a separate, spacious and bright kitchen. In addition, it has a large front terrace and a living room with a fireplace, decorated with very good taste. In the entrance hall there is a built-in wardrobe and in the living room there is a beautiful skylight and high ceilings. On the upper floor is the master bedroom with a built-in wardrobe and an en-suite bathroom with a bathtub. The staircase goes down to two large bedrooms with built-in wardrobes and a full bathroom with a bathtub. On the ground floor, there is a dressing room and a bedroom/multipurpose room. In addition, the house has a gym on the lowest floor. It has individual natural gas heating and a beautiful wooden floor in the living room. Includes garage space with car wash. The residential has beautiful and well-kept gardens. Magnificent opportunity with direct access via the A1.",False,"{'typology': 'chalet', 'subTypology': 'terracedHouse'}",good,1895.0,https://www.idealista.com/inmueble/103174065/,nan,https://img3.idealista.com/blur/WEB_LISTING/0/id.pro.es.image.master/d0/e6/b3/1180684826.jpg,"Nueva era de postas, 3",False,-3.6154315,San Agustin de Guadalix,nan,chalet,False
4,Madrid,241.0,False,False,{'title': 'Terraced house in Calle Arroyo de la Fresneda'},False,4,False,nan,False,39,VMF2 - ARROYO DE LA FRESNEDA,es,nan,470000.0,100804245,40.6786178,False,"{'hasParkingSpace': True, 'isParkingSpaceIncludedInPrice': True}",sale,nan,"Housing located in the ""Urbanization Navalazarza II"", in the municipality of San Agustín del Guadalix, a municipality that has all kinds of services, shops, bilingual schools and institute. Municipality with good communication by public transport with several intercity bus lines and night line. It has good communication by highway A1 and M 104. The chalet consists of 240 m2 built, distributed over three floors, on the ground or main floor we find the hall, a large 11 m2 furnished kitchen, a living-dining room with direct access to a 45 m2 terrace and garden, a bathroom with a bathtub and Finally we find on this same floor the garage of 20 m2. First floor; In this area of the house we have 4 double bedrooms with built-in wardrobes, the main one being en-suite with a complete bathroom and a hydromassage bathtub and apart from this there is another bathroom with a shower tray shared with the rest of the bedrooms. Basement; On this floor is the laundry and ironing room, a storage room, a room of about 20 m2 attached to the cellar area with almost 20 m2 with a bar, refrigerator, etc. , with natural ventilation, ideal for gatherings with family and friends. The house has an east orientation in the living room and garden area and west in the entrance and kitchen area, so you can enjoy direct sun almost all hours of the day. The property is in perfect condition and has individual Natural Gas heating, PVC tilt-and-turn climalit windows, smooth paint walls, oak and stoneware parquet floors and oak doors. The property is located in a very quiet area of the town, next to bus stops and close to shops and services. The urbanization has a communal swimming pool.   For more information or to make a visit, do not hesitate to contact us at or via email sanagustí.",False,"{'typology': 'chalet', 'subTypology': 'terracedHouse'}",good,1950.0,https://www.idealista.com/inmueble/100804245/,nan,https://img3.idealista.com/blur/WEB_LISTING/0/id.pro.es.image.master/55/ab/7f/1198758731.jpg,Calle Arroyo de la Fresneda,False,-3.6138097,San Agustin de Guadalix,nan,chalet,False
2,Madrid,94.0,True,False,{'title': 'Flat'},False,3,False,True,False,40,8017,es,False,220000.0,101856267,40.6771714,False,nan,sale,nan,"Well-preserved apartment in a gated community with common areas, in San Agustín de Guadalix. It is the third and last floor with a south-west exterior orientation and also has light space on the north side. Although it is the last floor, the summer heat is not noticeable because the attic area of the building has a good chamber and is high before reaching the roof, in addition to having the terrace closed and well protected with good climalit windows and special shutters; in fact, their owners do not need air conditioning. Comfortable entrance to the urbanization with outdoor community parking, wide entrance to the block with a small storage room and community bicycle room. The apartment consists of a kitchen as soon as you enter on the right with a utility area or pantry, a living-dining room with access to the covered terrace and views (the terrace being so long allows it to be used for various purposes); Distributor corridor with three bedrooms, bathroom and toilet. The house, although it is well preserved, would need, at least, to change the light box and some retouching. If it is an investment to rent, it is good enough to move into. In the common areas there are tennis courts, soccer, playground, swimming pool and a good garden area. Community expenses are an average of 140 euros per month but water and heating enter; although it is true that it will become an individual accountant by law. The annual IBI expenses about 300 euros. There is the possibility of subrogating to the mortgage with good conditions. ""THERE ARE NO AGENCY FEES"".",False,{'typology': 'flat'},good,2340.0,https://www.idealista.com/inmueble/101856267/,nan,https://img3.idealista.com/blur/WEB_LISTING/0/id.pro.es.image.master/11/2c/18/1136150905.jpg,San Agustin de Guadalix,False,-3.6114635,San Agustin de Guadalix,3,flat,False
1,Madrid,85.0,False,False,{'title': 'Flat in Avenida Madrid'},False,3,False,True,False,25,1169,es,False,220000.0,101861819,40.677953,False,nan,sale,nan,"No commission to the buying party. Vivienda 2000 sells an apartment in Residencial Guadalix. Closed urbanization, it stands out for its large common areas, with parking areas, large expanses of gardens, tennis courts, playground and swimming pool. The apartment has 3 bedrooms, a complete bathroom and a courtesy toilet. Its kitchen has been renovated and has access to the clothesline. The living-dining room has been joined to the terrace that the apartment has, which has also been glazed, creating an extra space in the house, which can be used as an office or living area. It is ideal for its views. Ask us to visit it.",False,{'typology': 'flat'},good,2588.0,https://www.idealista.com/inmueble/101861819/,nan,https://img3.idealista.com/blur/WEB_LISTING/0/id.pro.es.image.master/25/ec/bf/1136346503.jpg,Avenida Madrid,False,-3.6132084,San Agustin de Guadalix,3,flat,False
3,Madrid,170.0,False,False,"{'title': 'Terraced house in Calle Manuel Altolaguirre , 9'}",True,3,False,nan,False,11,9B,es,nan,427000.0,101734404,40.6787836,True,nan,sale,nan,"New construction chalets distributed over two floors. Low level. Entering through the main access door, we find a hall with a built-in wardrobe and access to the staircase with access to the first floor.This core of stairs constitutes the central area of ​​the house.From here we access the Dining Room - Office open to the kitchen and the living room that is separated from them by a block formed by a toilet and a utility room.The spacious living room has views of the garden located at the rear of the plot. First floor. Here we find the three bedrooms, two bathrooms and a terrace.The master bedroom has an en-suite bathroom with a toilet, double sink and walk-in shower.The other two bedrooms share a bathroom with a toilet, double sink, bidet and shower tray. Heating and cooling through aerothermal energy. Homes of 170 m2 built, located on plots from 185 m2 to 328 m2, for private common use. Based on an innovative idea of ​​direct access, with the absence of architectural barriers, with private parking at the door of the houses, providing great comfort and a clean and modern aesthetic.",True,"{'typology': 'chalet', 'subTypology': 'terracedHouse'}",newdevelopment,2512.0,https://www.idealista.com/obra-nueva/101734404/,False,https://img3.idealista.com/blur/WEB_LISTING/0/id.pro.es.image.master/47/82/fd/1132010393.jpg,"Calle MANUEL ALTOLAGUIRRE , 9",False,-3.6203184,San Agustin de Guadalix,nan,chalet,False
3,Madrid,170.0,False,False,"{'title': 'Terraced house in Calle Manuel Altolaguirre , 9'}",True,3,False,nan,False,11,9D,es,nan,437000.0,101738950,40.6787836,True,nan,sale,nan,"New construction chalets distributed over two floors. Low level. Entering through the main access door, we find a hall with a built-in wardrobe and access to the staircase with access to the first floor.This core of stairs constitutes the central area of ​​the house.From here we access the Dining Room - Office open to the kitchen and the living room that is separated from them by a block formed by a toilet and a utility room.The spacious living room has views of the garden located at the rear of the plot. First floor. Here we find the three bedrooms, two bathrooms and a terrace.The master bedroom has an en-suite bathroom with a toilet, double sink and walk-in shower.The other two bedrooms share a bathroom with a toilet, double sink, bidet and shower tray. Heating and cooling through aerothermal energy. Homes of 170 m2 built, located on plots from 185 m2 to 328 m2, for private common use. Based on an innovative idea of ​​direct access, with the absence of architectural barriers, with private parking at the door of the houses, providing great comfort and a clean and modern aesthetic.",True,"{'typology': 'chalet', 'subTypology': 'terracedHouse'}",newdevelopment,2571.0,https://www.idealista.com/obra-nueva/101738950/,False,https://img3.idealista.com/blur/WEB_LISTING/0/id.pro.es.image.master/55/33/0e/1132010609.jpg,"Calle MANUEL ALTOLAGUIRRE , 9",False,-3.6203184,San Agustin de Guadalix,nan,chalet,False
3,Madrid,170.0,False,False,"{'title': 'Terraced house in Calle Manuel Altolaguirre , 9'}",True,3,False,nan,False,11,9C,es,nan,437000.0,101738915,40.6787836,True,nan,sale,nan,"New construction chalets distributed over two floors. Low level. Entering through the main access door, we find a hall with a built-in wardrobe and access to the staircase with access to the first floor.This core of stairs constitutes the central area of ​​the house.From here we access the Dining Room - Office open to the kitchen and the living room that is separated from them by a block formed by a toilet and a utility room.The spacious living room has views of the garden located at the rear of the plot. First floor. Here we find the three bedrooms, two bathrooms and a terrace.The master bedroom has an en-suite bathroom with a toilet, double sink and walk-in shower.The other two bedrooms share a bathroom with a toilet, double sink, bidet and shower tray. Heating and cooling through aerothermal energy. Homes of 170 m2 built, located on plots from 185 m2 to 328 m2, for private common use. Based on an innovative idea of ​​direct access, with the absence of architectural barriers, with private parking at the door of the houses, providing great comfort and a clean and modern aesthetic.",True,"{'typology': 'chalet', 'subTypology': 'terracedHouse'}",newdevelopment,2571.0,https://www.idealista.com/obra-nueva/101738915/,False,https://img3.idealista.com/blur/WEB_LISTING/0/id.pro.es.image.master/b0/af/f7/1132010384.jpg,"Calle MANUEL ALTOLAGUIRRE , 9",False,-3.6203184,San Agustin de Guadalix,nan,chalet,False
1,Madrid,81.0,False,False,{'title': 'Flat in Avenida madrid'},False,3,False,True,False,11,MADRID,es,False,149500.0,102167625,40.678665,False,nan,sale,nan,"GARSIERRA. Apartment in San Agustin del Guadalix, Madrid, perfect for families. The house has 81 m² built distributed in three bedrooms, living room, kitchen and a bathroom. Located on the 1st floor of the building, without elevator. It is located in the center of San Agustin del Guadalix, in its surroundings we find the IES San Agustín del Guadalix school, supermarkets, banks, libraries, pharmacies, post offices and sports centers.",False,{'typology': 'flat'},good,1846.0,https://www.idealista.com/inmueble/102167625/,nan,https://img3.idealista.com/blur/WEB_LISTING/0/id.pro.es.image.master/2a/6e/38/1153627563.jpg,Avenida madrid,False,-3.6122886,San Agustin de Guadalix,1,flat,False
1,Madrid,95.0,False,False,{'title': 'Flat in Avenida De Madrid'},True,3,False,True,False,26,nan,es,False,145000.0,103773733,40.6796358,False,"{'hasParkingSpace': True, 'isParkingSpaceIncludedInPrice': True}",sale,nan,"To reform! Housing so that you can reform it to your liking and make it yours! In a quiet urbanization with large community areas, you will find this apartment with three bedrooms, a large bathroom, living room, two terraces and an equipped kitchen. With a wonderful entry of natural light throughout the day, which makes it very warm. Natural gas for heating. Gas boiler. Second floor with the height of the first, facing South, oriented to green areas of the Urbanization. Close to bus stop, shopping areas, playgrounds, schools, very central! In a town with guaranteed quality of life! Ideal for investors looking to make their savings profitable! Request information!. We teach you without obligation, prepare your appointment with us!",False,{'typology': 'flat'},renew,1526.0,https://www.idealista.com/inmueble/103773733/,nan,https://img3.idealista.com/blur/WEB_LISTING/0/id.pro.es.image.master/c4/33/fa/1199708549.jpg,Avenida DE MADRID,False,-3.6160417,San Agustin de Guadalix,2,flat,False
3,Madrid,290.0,False,False,{'title': 'Semi-detached house'},False,4,False,nan,False,52,nan,es,nan,515000.0,103841453,40.6733628,False,"{'hasParkingSpace': True, 'isParkingSpaceIncludedInPrice': True}",sale,"[{'name': 'luxuryType', 'text': 'Luxury'}]","Tecnocasa San Agustín del Guadalix sells an exclusive 290m2 SEMI-DETACHED VILLA built on a CORNER, which gives it greater privacy and luminosity. The house was built in 2005. It has common areas with a swimming pool, paddle tennis court and playground. Street plan. We enter the first hall, with an enclosure between the main door and the street door. We enter the house and we have on the right hand side the kitchen with excellent ventilation, on the left hand toilet and stairs to the garage/first floor, at the back a very spacious living room with access to the enclosure of the terrace and garden. From the garden we access the common areas of the house. First floor. We have 4 bedrooms with built-in wardrobes and two full bathrooms. A master bedroom currently used as a dressing room has an en-suite bathroom. The bathrooms have a shower tray. Second or last floor. very bright attic, currently oriented as a room. It has access to a very large terrace (solarium) Garage floor. A wall was made to separate the garage from another area that could be a living room or storage room. Garage for two cars. Among the qualities we can highlight: The enclosure of the patio (excellent qualities), Natural Gas, smooth walls, pre-installation of air conditioning, double glazed windows, wooden floors. The house is located a few meters from supermarkets, schools, bus stops, restaurants. *FREE financial study with Kiron*.",False,"{'typology': 'chalet', 'subTypology': 'semidetachedHouse'}",good,1776.0,https://www.idealista.com/inmueble/103841453/,nan,https://img3.idealista.com/blur/WEB_LISTING/0/id.pro.es.image.master/af/8b/e2/1201870676.jpg,San Agustin de Guadalix,False,-3.6169233,San Agustin de Guadalix,nan,chalet,False
7,Madrid,1200.0,True,False,{'title': 'Detached house'},True,8,False,nan,False,44,V-APM770,es,nan,1900000.0,102805062,40.6977007,False,"{'hasParkingSpace': True, 'isParkingSpaceIncludedInPrice': True}",sale,"[{'name': 'villaType', 'text': 'Villa'}]","AWA PROPERTIES presents this impressive independent residence on a 200,000m² plot in San Agustín de Guadalix. It is an imposing residence of excellent construction on a 20-HECTARE plot.The large house covers 1,100 m² of construction, as well as a garage, porches, terraces and an extensive garden with a swimming pool, a tennis court and a separate social area. This magnificent home has a total of 8 bedrooms (5 of them en suite), two service bedrooms and 7 bathrooms.In addition, it has various facilities such as a billiard room, large dining room for daily use with fireplace, magnificent living room with social area and main dining room, among many other rooms. The property has a total of 3 fireplaces (main bedroom, social room and dining room for daily use). The main floor of the house is distributed in a reception area with a large and elegant hall, which leads to a spacious living room with three different spaces and a fireplace, as well as a separate dining room. These spaces are equipped with beautiful glass windows that go from floor to ceiling, offering views of the garden and creating a very bright atmosphere. The main floor also has a living room and library area, two guest bedrooms (one of them en suite), a guest toilet, a porch with a summer dining room and panoramic views, a large kitchen with an office area. and a daily dining room with fireplace. The large main room, located on the main floor, has a fireplace and built-in living room.In addition, with its en-suite bathroom and huge windows, creating a very bright atmosphere. At the other end of the floor, there is a large service area with two bedrooms and a bathroom.There is also an ironing and laundry area. On the second floor there is another living room and three large bedrooms (2 of them en suite) with large dressing rooms and equipped bathrooms.These bedrooms have access to two large terraces and a solarium with views of the garden. The property has a large storage area and a garage with capacity for five cars. The extensive tree-lined garden has a generous swimming pool over which wonderful views can be enjoyed.In the same area is the barbecue with beautiful outdoor dining space, toilets and storage rooms.Next is the tennis court. Additionally, it has another independent guard house. The house has central heating and water from its own well. Very close to San Agustín de Guadalix, well connected to Madrid by the N-I with all kinds of services and commercial areas. WHY AWA PROPERTIES? -Enjoy personalized service with immediate responses. -Coordinate your visits 7 days a week. -Make your purchasing process quick and simple. -We work with total transparency and absolute seriousness. CONTACT US TO MAKE YOUR APPOINTMENT.VISITS 7 DAYS A WEEK!.",False,"{'typology': 'chalet', 'subTypology': 'independantHouse'}",good,1583.0,https://www.idealista.com/inmueble/102805062/,nan,https://img3.idealista.com/blur/WEB_LISTING/0/id.pro.es.image.master/74/bf/8e/1167884501.jpg,San Agustin de Guadalix,False,-3.6033859,San Agustin de Guadalix,nan,chalet,False
1,Madrid,73.0,False,False,{'title': 'Flat in Plaza Juan Carlos i'},False,2,False,True,False,25,VMF2 - Juan Carlos I (8),es,False,174000.0,103284200,40.680171,False,nan,sale,nan,"Apartment located in a very central area and next to all services, in the municipality of San Agustín del Guadalix, a municipality that has all types of shops, supermarkets, hairdressers, banks, bilingual schools and institute, municipal sports center and a wide variety of restaurants with a wide gastronomic offer. The town has good public transportation with several intercity bus lines and a night line whose stop is just 200 meters from the home. It has good road communication by Highway A1 and M 104. The house has 73 m2, consisting of 2 bedrooms, living room with access to a glazed terrace with individual heating, bathroom with bathtub, fitted kitchen with access to the terrace and large storage room. The house is in perfect condition, with Natural Gas heating, air conditioning, wooden floors, walls with smooth paint, renovated bathroom, cllimalit aluminum windows with mosquito nets and video intercom. The urbanization has landscaped common areas. For more information or to visit the property, do not hesitate to contact us at: ó You can also contact us through our email:.",False,{'typology': 'flat'},good,2384.0,https://www.idealista.com/inmueble/103284200/,nan,https://img3.idealista.com/blur/WEB_LISTING/0/id.pro.es.image.master/40/da/c8/1184444212.jpg,Plaza Juan Carlos I,False,-3.6137458,San Agustin de Guadalix,3,flat,False
1,Madrid,92.0,False,False,{'title': 'Flat in Avenida de Madrid'},False,3,False,True,False,18,1189,es,False,195000.0,103629127,40.6780562,False,nan,sale,nan,"Housing 2000 sells a renovated apartment on Avenida de Madrid. The house belongs to a large community, with a parking area, swimming pool and community gardens. The apartment has undergone a comprehensive renovation carried out 5 years ago. We enter the house and we have a hall open to the living room. The kitchen is furnished on both sides with high and low cabinets. From it we have access to a large closed terrace. This terrace is shared with the living-dining room, which is distributed in a single space. From the living room, we give way to the bedroom area, where we have 3 bedrooms, two of them spacious. The master bedroom has a large closet and terrace. The bathroom is exterior and has a shower tray.",False,{'typology': 'flat'},good,2120.0,https://www.idealista.com/inmueble/103629127/,nan,https://img3.idealista.com/blur/WEB_LISTING/0/id.pro.es.image.master/4d/19/1b/1195423615.jpg,Avenida de Madrid,False,-3.6152849,San Agustin de Guadalix,4,flat,False
1,Madrid,157.0,False,False,{'title': 'Flat in Calle de Felix Sanz'},False,4,False,True,False,25,MN-342,es,False,280000.0,102389004,40.6804382,False,nan,sale,nan,"Global IRV real estate presents this fantastic 157m2 apartment, located in the urban area and surrounded by all kinds of services. It is distributed in a hall, living room with fireplace, kitchen with a large pantry and access to a clothesline patio for private use, four large bedrooms and a bathroom. It has tilt-and-turn PVC windows with climalit glass throughout the house, electric blinds in the living room, wooden floors in the hall, hallway, living room and one of the bedrooms, the rest of the house with tiles, hot-cold air pump in the living room and hot water by electric heater. Possibility of connection to natural gas. It is very well located near the Town Hall Square and next to Madrid Avenue with public transport a 3-minute walk away. House with two facades, very bright. Don't hesitate to visit it!",False,{'typology': 'flat'},renew,1783.0,https://www.idealista.com/inmueble/102389004/,nan,https://img3.idealista.com/blur/WEB_LISTING/0/id.pro.es.image.master/54/5e/80/1154215210.jpg,Calle de Felix Sanz,False,-3.6161349,San Agustin de Guadalix,1,flat,False
